config,step,q,residual_rms,residual_max,dH_rms,meanabs,frac_09,step_delta,energy,readout_abs,stepsize,temperature,stepsize_start,stepsize_stop,stepsize_duration,temp_duration
eta=0.02_T=floor,0,0.675169293678,0.48173316906,1,0.517553501781,0,0,0,-0.0806554741009,0,0.02,0.0001,0.02,0.02,0,0
eta=0.02_T=floor,500,0.88959323912,0.124603743468,0.343870658584,0.849835581509,0.829269816296,0.6625,0.868191007684,-9.83151841757,0.232292537455,0.02,0.0001,0.02,0.02,0,0
eta=0.02_T=floor,1000,0.955706234449,0.0465732621859,0.180569157921,0.898821740207,0.936382230937,0.875,0.272255798465,-10.5836173858,0.473021677328,0.02,0.0001,0.02,0.02,0,0
eta=0.02_T=floor,1500,0.98285459494,0.017454223713,0.0490347470063,0.916609625562,0.965773777543,0.9375,0.112555196415,-10.6847621043,0.49896469857,0.02,0.0001,0.02,0.02,0,0
eta=0.02_T=floor,2000,0.986757788222,0.0134289853788,0.0351872087453,0.918844751891,0.969804447155,0.9625,0.0423086276911,-10.7082431341,0.498154803416,0.02,0.0001,0.02,0.02,0,0
eta=0.02_T=floor,2500,0.987400073083,0.0127657799507,0.0310705484886,0.919831182797,0.96948409373,0.975,0.0305458368167,-10.7172480144,0.501135374423,0.02,0.0001,0.02,0.02,0,0
eta=0.02_T=floor,3000,0.987996414273,0.0121552799952,0.0297143278468,0.921408835316,0.969225471938,0.975,0.0183096164812,-10.7129508797,0.498116799758,0.02,0.0001,0.02,0.02,0,0
eta=0.02_T=floor,3500,0.988615995637,0.0115173966952,0.0306079562718,0.924435517013,0.971050359721,0.975,0.0193027883828,-10.736647931,0.499000416045,0.02,0.0001,0.02,0.02,0,0
eta=0.02_T=floor,4000,0.987140077451,0.0130279866068,0.0357669667507,0.924205900589,0.972293628633,0.975,0.0175183508901,-10.7040767527,0.499888598058,0.02,0.0001,0.02,0.02,0,0
eta=0.02_T=floor,4500,0.987504438928,0.012655912259,0.0318397756489,0.926990161701,0.976217152326,0.975,0.0195015982893,-10.715852142,0.496565938664,0.02,0.0001,0.02,0.02,0,0
eta=0.02_T=floor,5000,0.988417189242,0.0117205654446,0.0309496810326,0.928841043656,0.978921187042,0.975,0.017491244998,-10.7386834081,0.497868303586,0.02,0.0001,0.02,0.02,0,0
eta=0.02_T@1000,0,0.675169293678,0.48173316906,1,0.517553501781,0,0,0,-0.0806554741009,0,0.02,0.841850380522,0.02,0.02,0,1000
eta=0.02_T@1000,500,0.775986464744,0.289008313614,0.682210227603,0.737563947933,0.643799503979,0.2125,0.707349402012,-6.57618997517,0.390686810441,0.02,0.21053759513,0.02,0.02,0,1000
eta=0.02_T@1000,1000,0.954680000861,0.0482100570186,0.162536771215,0.888918408112,0.916613382019,0.8625,0.516773373454,-10.1412277401,0.497373091083,0.02,0.0001,0.02,0.02,0,1000
eta=0.02_T@1000,1500,0.96421989971,0.0376277947833,0.138603188557,0.905651098932,0.939059298121,0.9,0.144379061968,-10.3218119785,0.499451477978,0.02,0.0001,0.02,0.02,0,1000
eta=0.02_T@1000,2000,0.979516063456,0.020976404508,0.0682457559638,0.906107765124,0.946641066604,0.925,0.0811732988432,-10.3684362685,0.496730860498,0.02,0.0001,0.02,0.02,0,1000
eta=0.02_T@1000,2500,0.979455691906,0.0210484482277,0.0667598209097,0.901585034692,0.947519630798,0.925,0.0654150927305,-10.3936173192,0.495094927545,0.02,0.0001,0.02,0.02,0,1000
eta=0.02_T@1000,3000,0.981529886394,0.0188696343294,0.0653481127746,0.900936533278,0.962089669309,0.9375,0.0554507751628,-10.4340512906,0.495717089372,0.02,0.0001,0.02,0.02,0,1000
eta=0.02_T@1000,3500,0.981718393987,0.0186603317626,0.0631273138221,0.901305005763,0.976060166419,0.9375,0.0570822243591,-10.4584329383,0.495068012345,0.02,0.0001,0.02,0.02,0,1000
eta=0.02_T@1000,4000,0.986421457294,0.0137670474382,0.0353903453737,0.900411971401,0.982899181528,0.975,0.0311842324077,-10.4263981918,0.494066041663,0.02,0.0001,0.02,0.02,0,1000
eta=0.02_T@1000,4500,0.989797548291,0.0103084105185,0.0277409414494,0.902159348512,0.988671044358,0.9875,0.0219474042543,-10.4795508553,0.498581369507,0.02,0.0001,0.02,0.02,0,1000
eta=0.02_T@1000,5000,0.988740842613,0.0113883107835,0.0277958408156,0.900583931579,0.987650739046,0.9875,0.010190755123,-10.4460724289,0.49430475326,0.02,0.0001,0.02,0.02,0,1000
eta=0.02_T@2500,0,0.675169293678,0.48173316906,1,0.517553501781,0,0,0,-0.0806554741009,0,0.02,0.841850380522,0.02,0.02,0,2500
eta=0.02_T@2500,500,0.727101753648,0.377036525322,0.845982869734,0.6268908247,0.484864730972,0.0625,0.563840275795,-3.62498006509,0.406059989768,0.02,0.538820243534,0.02,0.02,0,2500
eta=0.02_T@2500,1000,0.768077004005,0.30375517619,0.704053317738,0.673231205787,0.591609621403,0.15,0.629020069514,-5.62444813765,0.496646123775,0.02,0.303130136988,0.02,0.02,0,2500
eta=0.02_T@2500,1500,0.792332394916,0.262932432367,0.610151634852,0.754968267034,0.678963005921,0.2125,0.568373464701,-6.96831861703,0.347916303596,0.02,0.134780060884,0.02,0.02,0,2500
eta=0.02_T@2500,2000,0.908386517329,0.101438630123,0.283021184196,0.84965481504,0.850378619782,0.725,0.458146978933,-9.49115046275,0.452274983556,0.02,0.0337700152209,0.02,0.02,0,2500
eta=0.02_T@2500,2500,0.976563871145,0.0243134645854,0.0823480948755,0.89539371307,0.942763283176,0.9125,0.215589269651,-10.3205990422,0.496887872016,0.02,0.0001,0.02,0.02,0,2500
eta=0.02_T@2500,3000,0.985859073918,0.0143630801323,0.0449718098938,0.898102135208,0.956812029811,0.9375,0.043686397598,-10.389083132,0.496689051773,0.02,0.0001,0.02,0.02,0,2500
eta=0.02_T@2500,3500,0.988802504173,0.0113334459337,0.0259937604393,0.895743550413,0.958866656359,0.95,0.0222868906356,-10.38611378,0.49410253862,0.02,0.0001,0.02,0.02,0,2500
eta=0.02_T@2500,4000,0.987531831052,0.012627107443,0.0314911398155,0.894166459238,0.961187262883,0.9625,0.0168528280626,-10.3687107865,0.495395774395,0.02,0.0001,0.02,0.02,0,2500
eta=0.02_T@2500,4500,0.988831051658,0.0112981244152,0.0296125744426,0.894420665897,0.964716114555,0.9625,0.0161819550228,-10.3918932245,0.497838046142,0.02,0.0001,0.02,0.02,0,2500
eta=0.02_T@2500,5000,0.988723021193,0.011406082165,0.0259753991402,0.892735738158,0.967341172192,0.9625,0.0214123306318,-10.3891387552,0.496014244949,0.02,0.0001,0.02,0.02,0,2500
eta=0.05_T=floor,0,0.675169293678,0.48173316906,1,0.517553501781,0,0,0,-0.0806554741009,0,0.05,0.0001,0.05,0.05,0,0
eta=0.05_T=floor,500,0.95740911672,0.0447097079467,0.141185050671,0.891773691227,0.928181822131,0.875,0.939572981863,-10.364084799,0.497695390052,0.05,0.0001,0.05,0.05,0,0
eta=0.05_T=floor,1000,0.973478955894,0.0272530912931,0.068258885801,0.909552428863,0.956071482362,0.95,0.135115530522,-10.4569486726,0.499151080577,0.05,0.0001,0.05,0.05,0,0
eta=0.05_T=floor,1500,0.971433700034,0.0294244558573,0.0731506756373,0.910798081816,0.950047516698,0.9625,0.0466827820846,-10.4156680826,0.494590665573,0.05,0.0001,0.05,0.05,0,0
eta=0.05_T=floor,2000,0.973994604438,0.0267310653305,0.0634700076427,0.917102810526,0.957497665265,0.9625,0.0494703356168,-10.4792400211,0.495041048085,0.05,0.0001,0.05,0.05,0,0
eta=0.05_T=floor,2500,0.973312549493,0.0274558196499,0.0634038770688,0.91960472649,0.965166307902,0.9625,0.0431826900126,-10.4649631676,0.500260953182,0.05,0.0001,0.05,0.05,0,0
eta=0.05_T=floor,3000,0.972696620179,0.0280742716778,0.067728968028,0.923205506279,0.970754166906,0.9625,0.0369776077918,-10.4501511228,0.500481271001,0.05,0.0001,0.05,0.05,0,0
eta=0.05_T=floor,3500,0.975322748034,0.0253129233885,0.0708964371989,0.928783740852,0.978727856458,0.975,0.0279045346537,-10.5265709969,0.498998953717,0.05,0.0001,0.05,0.05,0,0
eta=0.05_T=floor,4000,0.971076080545,0.0297889691851,0.0791522967478,0.924708202514,0.973925445049,0.9875,0.0250724405804,-10.4181085193,0.498867918541,0.05,0.0001,0.05,0.05,0,0
eta=0.05_T=floor,4500,0.971395624254,0.0294596176888,0.0782077165387,0.926364623309,0.975346100415,0.9875,0.0190036250257,-10.4359504801,0.489883138568,0.05,0.0001,0.05,0.05,0,0
eta=0.05_T=floor,5000,0.976078966568,0.0245089218991,0.0531991278671,0.927462464949,0.977519193977,0.9875,0.0217304628911,-10.5061580976,0.495068751638,0.05,0.0001,0.05,0.05,0,0
eta=0.05_T@1000,0,0.675169293678,0.48173316906,1,0.517553501781,0,0,0,-0.0806554741009,0,0.05,0.841850380522,0.05,0.05,0,1000
eta=0.05_T@1000,500,0.781832757571,0.279260126814,0.625442892593,0.710913388125,0.631157578805,0.1875,0.691775130609,-6.32627386634,0.429557221286,0.05,0.21053759513,0.05,0.05,0,1000
eta=0.05_T@1000,1000,0.957654237192,0.0446300724034,0.137445948741,0.900762988967,0.933278891741,0.875,0.636056917608,-10.1912488761,0.734348634144,0.05,0.0001,0.05,0.05,0,1000
eta=0.05_T@1000,1500,0.972217815207,0.0285794672689,0.068199822326,0.9068838392,0.948721010622,0.9375,0.154174019128,-10.3090984518,0.739776586048,0.05,0.0001,0.05,0.05,0,1000
eta=0.05_T@1000,2000,0.973729004759,0.0270451751845,0.0656063090875,0.905806345202,0.965260964473,0.9625,0.0934084264629,-10.3050041706,0.736482630495,0.05,0.0001,0.05,0.05,0,1000
eta=0.05_T@1000,2500,0.9732891488,0.0274523099034,0.0687624036667,0.904377212368,0.972603687483,0.975,0.0390399623101,-10.3230757255,0.733317416527,0.05,0.0001,0.05,0.05,0,1000
eta=0.05_T@1000,3000,0.972710353796,0.0280570428048,0.0703317762962,0.90226062781,0.9754628272,0.9875,0.0313637050038,-10.2891371144,0.735430682641,0.05,0.0001,0.05,0.05,0,1000
eta=0.05_T@1000,3500,0.974781112059,0.0259017029183,0.06319807263,0.90336694673,0.977021235176,0.9875,0.0199643352844,-10.3261399296,0.728154315497,0.05,0.0001,0.05,0.05,0,1000
eta=0.05_T@1000,4000,0.970844141275,0.0300415121609,0.0740894725578,0.900936262154,0.974239127377,0.9875,0.0220849374698,-10.2536498168,0.733174104381,0.05,0.0001,0.05,0.05,0,1000
eta=0.05_T@1000,4500,0.973026692299,0.0277338421041,0.0766047493285,0.903926951315,0.977136246599,0.9875,0.0215767484777,-10.3132147131,0.736739817256,0.05,0.0001,0.05,0.05,0,1000
eta=0.05_T@1000,5000,0.973551581773,0.0271715804349,0.0579553123225,0.902877634326,0.975862374023,0.9875,0.0236080526479,-10.2970069037,0.73231991642,0.05,0.0001,0.05,0.05,0,1000
eta=0.05_T@2500,0,0.675169293678,0.48173316906,1,0.517553501781,0,0,0,-0.0806554741009,0,0.05,0.841850380522,0.05,0.05,0,2500
eta=0.05_T@2500,500,0.731000688171,0.368447573456,0.862077055711,0.620641475884,0.527433647956,0.1,0.594607307294,-3.44883890405,0.275496544354,0.05,0.538820243534,0.05,0.05,0,2500
eta=0.05_T@2500,1000,0.765745041575,0.308193097996,0.658179509313,0.680345501901,0.587933403849,0.175,0.754392690924,-5.30799021625,0.278262048875,0.05,0.303130136988,0.05,0.05,0,2500
eta=0.05_T@2500,1500,0.814122936489,0.231523620817,0.562346302323,0.780925344456,0.659758283033,0.25,0.67246019303,-7.25814808042,0.203498136913,0.05,0.134780060884,0.05,0.05,0,2500
eta=0.05_T@2500,2000,0.912976709618,0.0954051875221,0.244269103901,0.89234395498,0.866065820686,0.675,0.491842264794,-9.45370910981,0.0132174976806,0.05,0.0337700152209,0.05,0.05,0,2500
eta=0.05_T@2500,2500,0.969897605749,0.0310446540164,0.0739271957004,0.923354346073,0.944080156163,0.925,0.212799017784,-10.2543430497,0.0137677995181,0.05,0.0001,0.05,0.05,0,2500
eta=0.05_T@2500,3000,0.972335740141,0.0284661946439,0.0765589096133,0.922512658221,0.95189437252,0.95,0.0666538806062,-10.2915479235,0.0100026428838,0.05,0.0001,0.05,0.05,0,2500
eta=0.05_T@2500,3500,0.97563596814,0.0249999433163,0.0667658231928,0.923813659625,0.957673428089,0.95,0.0528181757942,-10.3592624551,0.00873082644111,0.05,0.0001,0.05,0.05,0,2500
eta=0.05_T@2500,4000,0.970542101518,0.0303665664917,0.0810764339361,0.919347523157,0.959535362467,0.9625,0.0463955423408,-10.2548627005,0.0131955273462,0.05,0.0001,0.05,0.05,0,2500
eta=0.05_T@2500,4500,0.972198846749,0.0286311392998,0.0818726655499,0.921983124413,0.96605768009,0.9625,0.0332284891918,-10.2781115694,0.00647004150546,0.05,0.0001,0.05,0.05,0,2500
eta=0.05_T@2500,5000,0.975804246334,0.0247993620819,0.0498450009059,0.922700196102,0.972026784049,0.975,0.0357761292472,-10.3452532128,0.00864470748395,0.05,0.0001,0.05,0.05,0,2500
eta=0.08_T=floor,0,0.675169293678,0.48173316906,1,0.517553501781,0,0,0,-0.0806554741009,0,0.08,0.0001,0.08,0.08,0,0
eta=0.08_T=floor,500,0.953525962571,0.0488424634962,0.131266147317,0.895200947006,0.940560934629,0.8875,0.946111233243,-10.2125401287,0.255990405277,0.08,0.0001,0.08,0.08,0,0
eta=0.08_T=floor,1000,0.957906444054,0.043988062489,0.126382946803,0.902585497611,0.942475960497,0.925,0.0911876195771,-10.2386821614,0.258682714855,0.08,0.0001,0.08,0.08,0,0
eta=0.08_T=floor,1500,0.958206904857,0.0436991840219,0.103404427347,0.907396732715,0.94458394842,0.925,0.0609992742683,-10.2454672011,0.254888987087,0.08,0.0001,0.08,0.08,0,0
eta=0.08_T=floor,2000,0.958943278726,0.0429267513844,0.102998972435,0.913170278064,0.9535686438,0.925,0.0592279287678,-10.2445116053,0.251917364966,0.08,0.0001,0.08,0.08,0,0
eta=0.08_T=floor,2500,0.957937781706,0.0439840538057,0.103064194095,0.915871834922,0.960805653888,0.9375,0.0510006547257,-10.2435218759,0.254646978348,0.08,0.0001,0.08,0.08,0,0
eta=0.08_T=floor,3000,0.953994148767,0.0482301586313,0.122715910117,0.915211361458,0.960818436544,0.95,0.0371627956153,-10.150129534,0.26165236807,0.08,0.0001,0.08,0.08,0,0
eta=0.08_T=floor,3500,0.959538471156,0.0422515210748,0.128427725694,0.920524493636,0.968067389365,0.9625,0.032116443581,-10.30328937,0.256880623257,0.08,0.0001,0.08,0.08,0,0
eta=0.08_T=floor,4000,0.958166781899,0.0436740541759,0.111022711251,0.918082572035,0.961522737649,0.9375,0.0409515064144,-10.2561228554,0.252798726267,0.08,0.0001,0.08,0.08,0,0
eta=0.08_T=floor,4500,0.957511738278,0.0444002919921,0.122718826806,0.91901528024,0.963888435232,0.9375,0.0303300843562,-10.2474325127,0.247578164602,0.08,0.0001,0.08,0.08,0,0
eta=0.08_T=floor,5000,0.962538797525,0.0389345088655,0.0918935169941,0.919043828247,0.965887419949,0.9625,0.0302224173839,-10.3081894714,0.250123990888,0.08,0.0001,0.08,0.08,0,0
eta=0.08_T@1000,0,0.675169293678,0.48173316906,1,0.517553501781,0,0,0,-0.0806554741009,0,0.08,0.841850380522,0.08,0.08,0,1000
eta=0.08_T@1000,500,0.783031849525,0.277831224375,0.691836654723,0.714747576362,0.612799937534,0.25,0.683670760475,-6.19066465809,0.55340183001,0.08,0.21053759513,0.08,0.08,0,1000
eta=0.08_T@1000,1000,0.960615364914,0.0410432523836,0.0969937814572,0.890468061115,0.927946796591,0.8875,0.646867646573,-9.7830972359,0.720645666945,0.08,0.0001,0.08,0.08,0,1000
eta=0.08_T@1000,1500,0.96042313013,0.0412161608618,0.0979749516891,0.893507276376,0.940825067573,0.9,0.11201260766,-9.77447922263,0.731598903904,0.08,0.0001,0.08,0.08,0,1000
eta=0.08_T@1000,2000,0.962646232901,0.0389649751534,0.103213939797,0.89158735197,0.959341871905,0.9375,0.085152944899,-9.78179315618,0.718516279555,0.08,0.0001,0.08,0.08,0,1000
eta=0.08_T@1000,2500,0.960286070636,0.0413956027782,0.105785926961,0.891385900665,0.960749226071,0.9625,0.0361547032191,-9.76145144707,0.722730932368,0.08,0.0001,0.08,0.08,0,1000
eta=0.08_T@1000,3000,0.956102429778,0.0459150752087,0.118170611777,0.887748822008,0.956851821189,0.9375,0.0315915418925,-9.65884075113,0.727285000257,0.08,0.0001,0.08,0.08,0,1000
eta=0.08_T@1000,3500,0.96039431549,0.0413219915911,0.115591944374,0.889740821861,0.960629003301,0.95,0.0305300560561,-9.74335961178,0.725448126353,0.08,0.0001,0.08,0.08,0,1000
eta=0.08_T@1000,4000,0.955925803024,0.0461292028668,0.118137977589,0.886851049016,0.956179372096,0.9375,0.0362027525108,-9.64945253051,0.71695286057,0.08,0.0001,0.08,0.08,0,1000
eta=0.08_T@1000,4500,0.95713045113,0.0448065809267,0.125891413622,0.890068493596,0.961165981692,0.925,0.0311371859271,-9.69421982203,0.728441803728,0.08,0.0001,0.08,0.08,0,1000
eta=0.08_T@1000,5000,0.960565484829,0.041066481805,0.0872569722352,0.88936969622,0.959463154777,0.9625,0.0352287663911,-9.74278026797,0.730627367284,0.08,0.0001,0.08,0.08,0,1000
eta=0.08_T@2500,0,0.675169293678,0.48173316906,1,0.517553501781,0,0,0,-0.0806554741009,0,0.08,0.841850380522,0.08,0.08,0,2500
eta=0.08_T@2500,500,0.728468146912,0.373001006215,0.866621691122,0.624383334598,0.520166794871,0.1,0.584024219311,-3.4910145803,0.317303756606,0.08,0.538820243534,0.08,0.08,0,2500
eta=0.08_T@2500,1000,0.761699960451,0.316398419942,0.749349509411,0.667389009411,0.593722571738,0.2,0.714828254917,-5.18699554444,0.330940051418,0.08,0.303130136988,0.08,0.08,0,2500
eta=0.08_T@2500,1500,0.800706696834,0.252538235897,0.54033637203,0.790077201887,0.661405362662,0.2125,0.687651335011,-7.38687326147,0.0635741099967,0.08,0.134780060884,0.08,0.08,0,2500
eta=0.08_T@2500,2000,0.90000869593,0.111125728818,0.302043238857,0.891535139914,0.87626675039,0.6,0.416125539206,-9.32177194449,0.0234007776847,0.08,0.0337700152209,0.08,0.08,0,2500
eta=0.08_T@2500,2500,0.956264195563,0.0457746892145,0.110391851673,0.912942689511,0.952154906635,0.9375,0.223033483638,-10.0920923257,0.0178902542466,0.08,0.0001,0.08,0.08,0,2500
eta=0.08_T@2500,3000,0.959261894213,0.0424842657124,0.106063023789,0.91621643768,0.958221684253,0.9625,0.0535303867802,-10.1632827487,0.0174769549578,0.08,0.0001,0.08,0.08,0,2500
eta=0.08_T@2500,3500,0.961927980905,0.0396579384367,0.105760146742,0.920200886335,0.963249118908,0.9625,0.0387999693904,-10.2108218706,0.0162465578584,0.08,0.0001,0.08,0.08,0,2500
eta=0.08_T@2500,4000,0.956883573169,0.045084494281,0.134030467214,0.917146061213,0.963192678589,0.9375,0.0465275500516,-10.1030108643,0.0110791460643,0.08,0.0001,0.08,0.08,0,2500
eta=0.08_T@2500,4500,0.958402344644,0.043473657974,0.123720391773,0.921993904974,0.968464219155,0.95,0.0364244534512,-10.1398908405,0.0110613957601,0.08,0.0001,0.08,0.08,0,2500
eta=0.08_T@2500,5000,0.962205154397,0.0393001784928,0.0882409572976,0.921174903469,0.970301007653,0.9875,0.0353969113228,-10.1916987839,0.011541017532,0.08,0.0001,0.08,0.08,0,2500
eta=0.12_T=floor,0,0.675169293678,0.48173316906,1,0.517553501781,0,0,0,-0.0806554741009,0,0.12,0.0001,0.12,0.12,0,0
eta=0.12_T=floor,500,0.93122101385,0.073921876332,0.205573033403,0.881576128377,0.931966698875,0.825,0.936819571537,-9.70376482388,0.267259730051,0.12,0.0001,0.12,0.12,0,0
eta=0.12_T=floor,1000,0.941819011712,0.0618611802374,0.176712513968,0.894395556092,0.930802859417,0.9,0.0755531285007,-9.97889998053,0.251400108137,0.12,0.0001,0.12,0.12,0,0
eta=0.12_T=floor,1500,0.941129075238,0.0626854847229,0.143264562055,0.898745100251,0.934181023176,0.825,0.0664428358164,-9.94400231001,0.269441940265,0.12,0.0001,0.12,0.12,0,0
eta=0.12_T=floor,2000,0.943200391189,0.0605586625687,0.124151004946,0.904049833577,0.940689757829,0.825,0.0595852573155,-9.94647991014,0.246658285862,0.12,0.0001,0.12,0.12,0,0
eta=0.12_T=floor,2500,0.938811431809,0.0653370674934,0.150439368884,0.902436503191,0.943778229385,0.8,0.0577536439476,-9.89371426426,0.251108566802,0.12,0.0001,0.12,0.12,0,0
eta=0.12_T=floor,3000,0.933674205487,0.0710524659901,0.178226591252,0.90113543045,0.942065360538,0.8,0.0504292705147,-9.77571235879,0.269717847349,0.12,0.0001,0.12,0.12,0,0
eta=0.12_T=floor,3500,0.941060494255,0.0628042506192,0.195069073015,0.909665647967,0.953587784349,0.875,0.0496715128951,-9.98243329134,0.257180164405,0.12,0.0001,0.12,0.12,0,0
eta=0.12_T=floor,4000,0.941795767893,0.0618425082928,0.159714818005,0.908902389668,0.945948116927,0.8625,0.063882743849,-9.99839019716,0.247346080228,0.12,0.0001,0.12,0.12,0,0
eta=0.12_T=floor,4500,0.940536483514,0.0632665358195,0.170318941796,0.908069657324,0.948248697588,0.9,0.0474544118068,-9.9178685727,0.243041542012,0.12,0.0001,0.12,0.12,0,0
eta=0.12_T=floor,5000,0.943763044065,0.0596910968894,0.152973060775,0.908017483045,0.948574079049,0.8875,0.0414525086035,-9.97621211638,0.250535487135,0.12,0.0001,0.12,0.12,0,0
eta=0.12_T@1000,0,0.675169293678,0.48173316906,1,0.517553501781,0,0,0,-0.0806554741009,0,0.12,0.841850380522,0.12,0.12,0,1000
eta=0.12_T@1000,500,0.76622287102,0.306104560771,0.802915826874,0.722003790116,0.590383380838,0.1625,0.659819629427,-5.91901569662,0.534094758308,0.12,0.21053759513,0.12,0.12,0,1000
eta=0.12_T@1000,1000,0.944701395945,0.0586253735881,0.146457527183,0.912527680596,0.948679992166,0.85,0.6402734573,-9.86876318046,0.476300406562,0.12,0.0001,0.12,0.12,0,1000
eta=0.12_T@1000,1500,0.938745523084,0.0652625483621,0.153551972102,0.911910591632,0.947047040293,0.8125,0.0520862173879,-9.81999382158,0.477125818242,0.12,0.0001,0.12,0.12,0,1000
eta=0.12_T@1000,2000,0.948821987458,0.0543350744558,0.115598712188,0.916794261667,0.95121522597,0.875,0.0485381291676,-9.94640100796,0.471812390671,0.12,0.0001,0.12,0.12,0,1000
eta=0.12_T@1000,2500,0.941456830959,0.0622889837897,0.165375352992,0.912864455711,0.950616357907,0.85,0.0488517184425,-9.84204365661,0.474700877583,0.12,0.0001,0.12,0.12,0,1000
eta=0.12_T@1000,3000,0.934195932401,0.0704632602281,0.195152552365,0.907740734156,0.942523011684,0.85,0.0462383885832,-9.66701751863,0.49639348703,0.12,0.0001,0.12,0.12,0,1000
eta=0.12_T@1000,3500,0.941751929597,0.0620978699107,0.197205083418,0.911511345666,0.950113106002,0.875,0.0474831074269,-9.84732844683,0.492060496917,0.12,0.0001,0.12,0.12,0,1000
eta=0.12_T@1000,4000,0.937545564059,0.0666642795932,0.161707716842,0.908392331792,0.940454425919,0.8375,0.0573384354123,-9.74124257931,0.481776187536,0.12,0.0001,0.12,0.12,0,1000
eta=0.12_T@1000,4500,0.936067774949,0.0683574005857,0.210046697958,0.909565413013,0.945315067981,0.8625,0.045469521871,-9.71693362623,0.480707070509,0.12,0.0001,0.12,0.12,0,1000
eta=0.12_T@1000,5000,0.942777806411,0.0607426416286,0.140003229592,0.910219414767,0.943556619129,0.875,0.0501013159468,-9.83595575912,0.487527842036,0.12,0.0001,0.12,0.12,0,1000
eta=0.12_T@2500,0,0.675169293678,0.48173316906,1,0.517553501781,0,0,0,-0.0806554741009,0,0.12,0.841850380522,0.12,0.12,0,2500
eta=0.12_T@2500,500,0.731750500287,0.367398989433,0.880934254355,0.625249192557,0.53845434786,0.125,0.610372422552,-3.28605923675,0.435090053715,0.12,0.538820243534,0.12,0.12,0,2500
eta=0.12_T@2500,1000,0.756870848517,0.323910623537,0.751055100622,0.662191167294,0.609246807238,0.2,0.734359918866,-5.03283199894,0.248402648139,0.12,0.303130136988,0.12,0.12,0,2500
eta=0.12_T@2500,1500,0.793887928023,0.261972758392,0.60892840648,0.806573108605,0.666898058608,0.225,0.693029566929,-7.37203549321,0.107521413658,0.12,0.134780060884,0.12,0.12,0,2500
eta=0.12_T@2500,2000,0.889345297944,0.124722921219,0.28985160077,0.884754609213,0.875631635123,0.5125,0.379868829841,-9.05680404181,0.0438344000633,0.12,0.0337700152209,0.12,0.12,0,2500
eta=0.12_T@2500,2500,0.932950925642,0.07194378471,0.19420227853,0.901982226135,0.936519451092,0.825,0.20588740337,-9.68084178044,0.0144454094819,0.12,0.0001,0.12,0.12,0,2500
eta=0.12_T@2500,3000,0.939960081832,0.0639387766309,0.145953967762,0.91190498733,0.942917690008,0.8625,0.0546385007221,-9.87235055543,0.016337075431,0.12,0.0001,0.12,0.12,0,2500
eta=0.12_T@2500,3500,0.945407810658,0.057943352588,0.14728344989,0.915686750037,0.949810316593,0.8875,0.052184948949,-9.92644596526,0.0208937359604,0.12,0.0001,0.12,0.12,0,2500
eta=0.12_T@2500,4000,0.938775644728,0.0652679145358,0.209419298244,0.91464984957,0.951511199129,0.9125,0.0618968970085,-9.87227318408,0.0101659038957,0.12,0.0001,0.12,0.12,0,2500
eta=0.12_T@2500,4500,0.94062949328,0.0632646731065,0.15281885348,0.915467400635,0.951522996025,0.8625,0.0486140767497,-9.83208542733,0.0198951756748,0.12,0.0001,0.12,0.12,0,2500
eta=0.12_T@2500,5000,0.942653047477,0.0609671229483,0.17173497834,0.915953776703,0.953919707544,0.925,0.0476720752431,-9.88383414487,0.00952211759651,0.12,0.0001,0.12,0.12,0,2500
eta=0.08->0.03@1000_T=floor,0,0.675169293678,0.48173316906,1,0.517553501781,0,0,0,-0.0806554741009,0,0.08,0.0001,0.08,0.03,1000,0
eta=0.08->0.03@1000_T=floor,500,0.955507599468,0.0472544122555,0.142302943023,0.886212644015,0.925640187744,0.9,0.941795634022,-10.4109443129,0.253651421353,0.0425,0.0001,0.08,0.03,1000,0
eta=0.08->0.03@1000_T=floor,1000,0.98222690585,0.0181008006317,0.0446364605137,0.914974801756,0.96423233809,0.95,0.135410408572,-10.6618373657,0.251598794268,0.03,0.0001,0.08,0.03,1000,0
eta=0.08->0.03@1000_T=floor,1500,0.981784503711,0.018560882839,0.0455336067493,0.916626640186,0.96071640535,0.9625,0.0343195600043,-10.665070413,0.251295863655,0.03,0.0001,0.08,0.03,1000,0
eta=0.08->0.03@1000_T=floor,2000,0.982332082728,0.0180072885671,0.0450519039638,0.91920168325,0.957483049845,0.9625,0.034922619949,-10.6688987219,0.250328935091,0.03,0.0001,0.08,0.03,1000,0
eta=0.08->0.03@1000_T=floor,2500,0.981948481624,0.0183897528767,0.0424642504228,0.921237116736,0.963620618421,0.9625,0.0310475540118,-10.6727148092,0.256518452028,0.03,0.0001,0.08,0.03,1000,0
eta=0.08->0.03@1000_T=floor,3000,0.982154953932,0.0181737281076,0.0450519270061,0.923483312499,0.968385686528,0.9625,0.0264359975568,-10.6640693383,0.252486995195,0.03,0.0001,0.08,0.03,1000,0
eta=0.08->0.03@1000_T=floor,3500,0.983054759937,0.0172496473193,0.0482060693185,0.927445269119,0.974852617285,0.9625,0.02746654046,-10.6887345144,0.253258993223,0.03,0.0001,0.08,0.03,1000,0
eta=0.08->0.03@1000_T=floor,4000,0.982534613678,0.0177778065951,0.0443243162515,0.929151826267,0.977505793011,0.9625,0.0254562946534,-10.6868193246,0.255047012076,0.03,0.0001,0.08,0.03,1000,0
eta=0.08->0.03@1000_T=floor,4500,0.982756582944,0.0175501771065,0.0507059025395,0.932230451379,0.981911250726,0.975,0.0243165005493,-10.691778934,0.249084641192,0.03,0.0001,0.08,0.03,1000,0
eta=0.08->0.03@1000_T=floor,5000,0.984904714052,0.0153275589779,0.0320970674036,0.932944402577,0.984341572408,0.9875,0.0200107384082,-10.721090289,0.249983085222,0.03,0.0001,0.08,0.03,1000,0
eta=0.08->0.03@1000_T@1000,0,0.675169293678,0.48173316906,1,0.517553501781,0,0,0,-0.0806554741009,0,0.08,0.841850380522,0.08,0.03,1000,1000
eta=0.08->0.03@1000_T@1000,500,0.785005446692,0.274157061289,0.607638298682,0.717116928531,0.633399263508,0.2,0.694507152429,-6.48674047671,0.464762556978,0.0425,0.21053759513,0.08,0.03,1000,1000
eta=0.08->0.03@1000_T@1000,1000,0.964260988851,0.037632617163,0.121203687132,0.899916474779,0.913626407714,0.8875,0.585840039406,-10.2830873913,0.742110171628,0.03,0.0001,0.08,0.03,1000,1000
eta=0.08->0.03@1000_T@1000,1500,0.979340307622,0.021128335335,0.0503269382182,0.911405422742,0.93941172719,0.9125,0.152086544939,-10.4623009138,0.74466015952,0.03,0.0001,0.08,0.03,1000,1000
eta=0.08->0.03@1000_T@1000,2000,0.980888018944,0.0195028605955,0.0546278386408,0.908145623706,0.94974099509,0.9375,0.0647103759546,-10.449729098,0.740493222806,0.03,0.0001,0.08,0.03,1000,1000
eta=0.08->0.03@1000_T@1000,2500,0.98034705444,0.0200643455129,0.054583423116,0.90800388507,0.963350580296,0.9375,0.0589708224292,-10.4699870457,0.740635662184,0.03,0.0001,0.08,0.03,1000,1000
eta=0.08->0.03@1000_T@1000,3000,0.983085394702,0.0172090970321,0.042159374753,0.909442334139,0.971555707349,0.9625,0.0361273941188,-10.4807726788,0.741284597068,0.03,0.0001,0.08,0.03,1000,1000
eta=0.08->0.03@1000_T@1000,3500,0.983913016377,0.0163645194406,0.0372393572939,0.908857753479,0.976637166853,0.9625,0.0260855785958,-10.4827593524,0.736378572278,0.03,0.0001,0.08,0.03,1000,1000
eta=0.08->0.03@1000_T@1000,4000,0.982409724656,0.01790926491,0.0435439787128,0.907328734123,0.978003920139,0.975,0.0179485657176,-10.4515840302,0.738652964256,0.03,0.0001,0.08,0.03,1000,1000
eta=0.08->0.03@1000_T@1000,4500,0.983820344634,0.0164484278383,0.0480140390366,0.909087585265,0.980302138513,0.975,0.012285317855,-10.4878005963,0.742380852826,0.03,0.0001,0.08,0.03,1000,1000
eta=0.08->0.03@1000_T@1000,5000,0.983898424181,0.0163663597071,0.0355296651397,0.908625713872,0.980554125724,0.9875,0.0177516706828,-10.4793952116,0.738993692986,0.03,0.0001,0.08,0.03,1000,1000
eta=0.08->0.03@1000_T@2500,0,0.675169293678,0.48173316906,1,0.517553501781,0,0,0,-0.0806554741009,0,0.08,0.841850380522,0.08,0.03,1000,2500
eta=0.08->0.03@1000_T@2500,500,0.734384871479,0.362462631269,0.861423234972,0.621582446568,0.518081931079,0.075,0.586877075541,-3.57530520695,0.330820650815,0.0425,0.538820243534,0.08,0.03,1000,2500
eta=0.08->0.03@1000_T@2500,1000,0.771231483723,0.298509099426,0.611787716345,0.681142508427,0.600101663674,0.175,0.67568394939,-5.70640272373,0.429670190552,0.03,0.303130136988,0.08,0.03,1000,2500
eta=0.08->0.03@1000_T@2500,1500,0.798457465668,0.254197876869,0.600680604278,0.747912355398,0.646609518653,0.225,0.599828553408,-6.79938069529,0.321949076015,0.03,0.134780060884,0.08,0.03,1000,2500
eta=0.08->0.03@1000_T@2500,2000,0.91657126091,0.0917050384458,0.224156197393,0.850902837562,0.86953174998,0.775,0.483532975674,-9.38035870497,0.206751539107,0.03,0.0337700152209,0.08,0.03,1000,2500
eta=0.08->0.03@1000_T@2500,2500,0.972958456365,0.0278489967715,0.0891578348636,0.882110615255,0.936022519339,0.9,0.227492831003,-10.1547793277,0.253598782301,0.03,0.0001,0.08,0.03,1000,2500
eta=0.08->0.03@1000_T@2500,3000,0.98220483997,0.0181247931256,0.0474886417345,0.889297764076,0.957011686018,0.95,0.109430154527,-10.22836595,0.247898164813,0.03,0.0001,0.08,0.03,1000,2500
eta=0.08->0.03@1000_T@2500,3500,0.983821708792,0.0164577670629,0.0434116357074,0.890273469057,0.956491853708,0.9625,0.0442844894568,-10.2645830103,0.252047323005,0.03,0.0001,0.08,0.03,1000,2500
eta=0.08->0.03@1000_T@2500,4000,0.981734253804,0.018608865636,0.0427787930232,0.887712098322,0.954337528031,0.9625,0.0309640997732,-10.2315303032,0.250790714537,0.03,0.0001,0.08,0.03,1000,2500
eta=0.08->0.03@1000_T@2500,4500,0.984595732117,0.0156463218352,0.0402349765666,0.890444385129,0.963315417236,0.9625,0.037222916925,-10.2891843411,0.250410394155,0.03,0.0001,0.08,0.03,1000,2500
eta=0.08->0.03@1000_T@2500,5000,0.9842847455,0.0159685304339,0.032728439946,0.888541584794,0.968410525609,0.9625,0.0340297362791,-10.281373977,0.250240514342,0.03,0.0001,0.08,0.03,1000,2500
eta=0.08->0.03@2500_T=floor,0,0.675169293678,0.48173316906,1,0.517553501781,0,0,0,-0.0806554741009,0,0.08,0.0001,0.08,0.03,2500,0
eta=0.08->0.03@2500_T=floor,500,0.959724295053,0.0421006546946,0.117614100704,0.894084027597,0.939461526849,0.8875,0.947321958187,-10.3506412302,0.248635716852,0.062,0.0001,0.08,0.03,2500,0
eta=0.08->0.03@2500_T=floor,1000,0.973694369412,0.0270293119753,0.0763328626415,0.910743469142,0.956345973938,0.9625,0.101784794999,-10.507119375,0.253636600398,0.048,0.0001,0.08,0.03,2500,0
eta=0.08->0.03@2500_T=floor,1500,0.977886590548,0.0226270877018,0.0530149540682,0.916346887838,0.954919235435,0.9625,0.0417802633002,-10.5974999452,0.250290319952,0.038,0.0001,0.08,0.03,2500,0
eta=0.08->0.03@2500_T=floor,2000,0.981242342231,0.0191388053144,0.0468108341626,0.921391930777,0.963152159585,0.9625,0.0385334993806,-10.6533440337,0.249446792632,0.032,0.0001,0.08,0.03,2500,0
eta=0.08->0.03@2500_T=floor,2500,0.98211993177,0.0182120084893,0.0422000740086,0.924448461675,0.970188461135,0.9625,0.0310172772722,-10.677828391,0.256068383457,0.03,0.0001,0.08,0.03,2500,0
eta=0.08->0.03@2500_T=floor,3000,0.982146005995,0.0181830556394,0.045344342425,0.926783144464,0.974767504363,0.9625,0.0259647266363,-10.6671945515,0.252670183871,0.03,0.0001,0.08,0.03,2500,0
eta=0.08->0.03@2500_T=floor,3500,0.982986833882,0.0173195223378,0.0487102577606,0.930938221087,0.981061595819,0.975,0.0269738412055,-10.6908369392,0.25320905985,0.03,0.0001,0.08,0.03,2500,0
eta=0.08->0.03@2500_T=floor,4000,0.982856507808,0.0174450391883,0.0443233043883,0.931550653145,0.982117151637,0.975,0.0200823289919,-10.687807655,0.255165935687,0.03,0.0001,0.08,0.03,2500,0
eta=0.08->0.03@2500_T=floor,4500,0.983110420324,0.0171828087683,0.0506908314983,0.933274208528,0.984593421206,0.9875,0.0172361448307,-10.6928792055,0.249137620502,0.03,0.0001,0.08,0.03,2500,0
eta=0.08->0.03@2500_T=floor,5000,0.985208477156,0.0150150906531,0.0322015355377,0.933208615157,0.985325151047,0.9875,0.0149106325613,-10.7211923279,0.249928815898,0.03,0.0001,0.08,0.03,2500,0
eta=0.08->0.03@2500_T@1000,0,0.675169293678,0.48173316906,1,0.517553501781,0,0,0,-0.0806554741009,0,0.08,0.841850380522,0.08,0.03,2500,1000
eta=0.08->0.03@2500_T@1000,500,0.783197741995,0.277124040685,0.658937958558,0.715092845993,0.613052814756,0.2125,0.682857272226,-6.27380438568,0.519995099761,0.062,0.21053759513,0.08,0.03,2500,1000
eta=0.08->0.03@2500_T@1000,1000,0.96637051807,0.0348318078343,0.104605675306,0.915796190951,0.947242993913,0.9,0.694552387566,-10.1606225801,0.737577540343,0.048,0.0001,0.08,0.03,2500,1000
eta=0.08->0.03@2500_T@1000,1500,0.977401362738,0.023124790036,0.059768749455,0.920270643124,0.964673614632,0.9625,0.128519140475,-10.3303166023,0.741900928958,0.038,0.0001,0.08,0.03,2500,1000
eta=0.08->0.03@2500_T@1000,2000,0.980724128252,0.0196707350642,0.0573684298261,0.922794827803,0.978465642993,0.9625,0.059939835705,-10.3719161556,0.740266214395,0.032,0.0001,0.08,0.03,2500,1000
eta=0.08->0.03@2500_T@1000,2500,0.983633564361,0.0166407965497,0.0441166830733,0.924926725865,0.986277738574,0.9875,0.0351763216299,-10.4105075708,0.742466282227,0.03,0.0001,0.08,0.03,2500,1000
eta=0.08->0.03@2500_T@1000,3000,0.983307806022,0.0169786126279,0.0452070135395,0.925002746183,0.986079807825,0.9875,0.0101197250263,-10.3957396498,0.74250403288,0.03,0.0001,0.08,0.03,2500,1000
eta=0.08->0.03@2500_T@1000,3500,0.983701159099,0.0165838463789,0.0413822561818,0.924924393881,0.986425417494,0.9875,0.0120935071354,-10.393218141,0.737640205049,0.03,0.0001,0.08,0.03,2500,1000
eta=0.08->0.03@2500_T@1000,4000,0.981948354775,0.0183857368204,0.0465233807739,0.923815640095,0.985037236412,0.9875,0.0129438763359,-10.365669447,0.740449066597,0.03,0.0001,0.08,0.03,2500,1000
eta=0.08->0.03@2500_T@1000,4500,0.983056490641,0.0172403723455,0.050322494639,0.925273824685,0.986856639101,0.9875,0.0121771555563,-10.3934085753,0.743717175948,0.03,0.0001,0.08,0.03,2500,1000
eta=0.08->0.03@2500_T@1000,5000,0.983907063089,0.0163574085743,0.0364260346714,0.92493162982,0.986543305616,1,0.0149390568478,-10.3993322163,0.739738041073,0.03,0.0001,0.08,0.03,2500,1000
eta=0.08->0.03@2500_T@2500,0,0.675169293678,0.48173316906,1,0.517553501781,0,0,0,-0.0806554741009,0,0.08,0.841850380522,0.08,0.03,2500,2500
eta=0.08->0.03@2500_T@2500,500,0.729246275686,0.37190338493,0.876310699978,0.612494902321,0.517525601596,0.1375,0.59129081822,-3.45749254686,0.258596459744,0.062,0.538820243534,0.08,0.03,2500,2500
eta=0.08->0.03@2500_T@2500,1000,0.767533740085,0.305604763095,0.668838057169,0.677924577636,0.585014724546,0.2,0.752578722702,-5.30023143893,0.252906078337,0.048,0.303130136988,0.08,0.03,2500,2500
eta=0.08->0.03@2500_T@2500,1500,0.828523076301,0.209042347861,0.466710924936,0.778174856272,0.68336515075,0.2625,0.684187005318,-7.1794405153,0.244621686465,0.038,0.134780060884,0.08,0.03,2500,2500
eta=0.08->0.03@2500_T@2500,2000,0.909259328739,0.100648369582,0.235235504297,0.868202081474,0.856897792212,0.7125,0.491158644325,-9.30399055732,0.198462753422,0.032,0.0337700152209,0.08,0.03,2500,2500
eta=0.08->0.03@2500_T@2500,2500,0.972015641843,0.0289316689452,0.0843461146071,0.905826755266,0.943820451143,0.9,0.257712889054,-10.2359382741,0.249692033177,0.03,0.0001,0.08,0.03,2500,2500
eta=0.08->0.03@2500_T@2500,3000,0.983395001752,0.0168910577403,0.0431191890843,0.91076964375,0.960086584881,0.9625,0.0786330653961,-10.3105816116,0.248543515925,0.03,0.0001,0.08,0.03,2500,2500
eta=0.08->0.03@2500_T@2500,3500,0.98464315059,0.0156024437656,0.038840175691,0.911027790124,0.962696434783,0.9625,0.0358289255105,-10.3505227021,0.250605164894,0.03,0.0001,0.08,0.03,2500,2500
eta=0.08->0.03@2500_T@2500,4000,0.980251090443,0.0201482646485,0.0504115719236,0.906036467424,0.962234091993,0.9625,0.0318848045064,-10.2561233175,0.248565788655,0.03,0.0001,0.08,0.03,2500,2500
eta=0.08->0.03@2500_T@2500,4500,0.982827514855,0.0174859873195,0.0455090937268,0.908362389192,0.968863411735,0.9625,0.0364552009909,-10.3054516187,0.251648442962,0.03,0.0001,0.08,0.03,2500,2500
eta=0.08->0.03@2500_T@2500,5000,0.984226596226,0.0160281563275,0.0337913890661,0.907655570351,0.97179533957,0.9625,0.0342966822359,-10.3325867446,0.249780475712,0.03,0.0001,0.08,0.03,2500,2500
eta=0.08->0.03@5000_T=floor,0,0.675169293678,0.48173316906,1,0.517553501781,0,0,0,-0.0806554741009,0,0.08,0.0001,0.08,0.03,5000,0
eta=0.08->0.03@5000_T=floor,500,0.957103127092,0.0449262091259,0.126314221299,0.89495987149,0.940528596304,0.8875,0.946892071651,-10.2753852136,0.25302539292,0.0705,0.0001,0.08,0.03,5000,0
eta=0.08->0.03@5000_T=floor,1000,0.966622139954,0.0345543496351,0.0981994658779,0.907162795309,0.949897750628,0.9375,0.0943733397567,-10.386585623,0.255814902635,0.062,0.0001,0.08,0.03,5000,0
eta=0.08->0.03@5000_T=floor,1500,0.970185346483,0.0307646245823,0.0719804018762,0.913326360906,0.951767681798,0.95,0.0513262679454,-10.4590784892,0.251931694156,0.0545,0.0001,0.08,0.03,5000,0
eta=0.08->0.03@5000_T=floor,2000,0.97374038809,0.027012389432,0.0652317742993,0.919840398924,0.961931157804,0.9625,0.0492101357736,-10.5204519602,0.25018151281,0.048,0.0001,0.08,0.03,5000,0
eta=0.08->0.03@5000_T=floor,2500,0.976250574285,0.0243471796885,0.0556317604775,0.924642324519,0.971812428684,0.9625,0.0404624910687,-10.5749022992,0.255705232816,0.0425,0.0001,0.08,0.03,5000,0
eta=0.08->0.03@5000_T=floor,3000,0.977793784471,0.0227158403533,0.0586144312511,0.928084105464,0.977912940576,0.975,0.0298755555932,-10.5862266261,0.254251995898,0.038,0.0001,0.08,0.03,5000,0
eta=0.08->0.03@5000_T=floor,3500,0.980811949792,0.0195810919866,0.0561629340233,0.931703673537,0.983463530089,0.9875,0.0197666127791,-10.6547024408,0.253676633481,0.0345,0.0001,0.08,0.03,5000,0
eta=0.08->0.03@5000_T=floor,4000,0.982000808315,0.0183308269695,0.0475099392487,0.931877430498,0.98317450434,0.9875,0.0166475634139,-10.6722969326,0.255014435045,0.032,0.0001,0.08,0.03,5000,0
eta=0.08->0.03@5000_T=floor,4500,0.98270996761,0.0175978290601,0.0517540973564,0.933166095141,0.984754592661,0.9875,0.013487111782,-10.6866815336,0.248944997212,0.0305,0.0001,0.08,0.03,5000,0
eta=0.08->0.03@5000_T=floor,5000,0.985210231968,0.0150132889216,0.0323538198428,0.933261898722,0.985757725339,0.9875,0.015144936584,-10.7213387512,0.250041248642,0.03,0.0001,0.08,0.03,5000,0
eta=0.08->0.03@5000_T@1000,0,0.675169293678,0.48173316906,1,0.517553501781,0,0,0,-0.0806554741009,0,0.08,0.841850380522,0.08,0.03,5000,1000
eta=0.08->0.03@5000_T@1000,500,0.781917854454,0.279598308876,0.664721161622,0.714681409282,0.622605343415,0.225,0.683654862146,-6.2239169463,0.510568353365,0.0705,0.21053759513,0.08,0.03,5000,1000
eta=0.08->0.03@5000_T@1000,1000,0.965529076903,0.0357841159497,0.0829043298595,0.927474978334,0.947636421263,0.9,0.744922478532,-10.0416035065,0.489323422937,0.062,0.0001,0.08,0.03,5000,1000
eta=0.08->0.03@5000_T@1000,1500,0.969259649489,0.0317159971446,0.0829287518576,0.931861762177,0.964418635784,0.9375,0.128339455129,-10.1541372247,0.495025440613,0.0545,0.0001,0.08,0.03,5000,1000
eta=0.08->0.03@5000_T@1000,2000,0.975408882853,0.0252571224289,0.0657321676038,0.933948455076,0.979211789047,0.9875,0.0644154603496,-10.1972469721,0.492877376063,0.048,0.0001,0.08,0.03,5000,1000
eta=0.08->0.03@5000_T@1000,2500,0.976716119706,0.0238482691928,0.0654659621974,0.935995016794,0.982130337316,0.9875,0.019278137869,-10.2434314397,0.493217424103,0.0425,0.0001,0.08,0.03,5000,1000
eta=0.08->0.03@5000_T@1000,3000,0.977657526401,0.0228552337132,0.0649100610649,0.936532625504,0.982770659164,0.9875,0.0148341721583,-10.2541865034,0.497150540324,0.038,0.0001,0.08,0.03,5000,1000
eta=0.08->0.03@5000_T@1000,3500,0.980882964452,0.0195080487773,0.0512066017404,0.938098808429,0.98487962132,1,0.0150375467629,-10.3000048806,0.493031964799,0.0345,0.0001,0.08,0.03,5000,1000
eta=0.08->0.03@5000_T@1000,4000,0.980888785038,0.0194856310368,0.0523814878407,0.937965496756,0.984371007492,0.9875,0.0139304042189,-10.2998778673,0.494596330555,0.032,0.0001,0.08,0.03,5000,1000
eta=0.08->0.03@5000_T@1000,4500,0.98150109083,0.0188533499226,0.0569475767532,0.939185449703,0.986424464424,0.9875,0.0129551773901,-10.316559774,0.497458488904,0.0305,0.0001,0.08,0.03,5000,1000
eta=0.08->0.03@5000_T@1000,5000,0.983339932063,0.0169449418182,0.0372442574272,0.939141542043,0.986456065236,1,0.0159364368184,-10.3419871628,0.496502554073,0.03,0.0001,0.08,0.03,5000,1000
eta=0.08->0.03@5000_T@2500,0,0.675169293678,0.48173316906,1,0.517553501781,0,0,0,-0.0806554741009,0,0.08,0.841850380522,0.08,0.03,5000,2500
eta=0.08->0.03@5000_T@2500,500,0.726847674584,0.376241499932,0.862469624992,0.618224231364,0.513336784631,0.15,0.589226568806,-3.50053238561,0.269301413345,0.0705,0.538820243534,0.08,0.03,5000,2500
eta=0.08->0.03@5000_T@2500,1000,0.765574585787,0.309102566219,0.66763526046,0.677987232582,0.591703956928,0.15,0.710030148412,-5.20970994222,0.329614338945,0.062,0.303130136988,0.08,0.03,5000,2500
eta=0.08->0.03@5000_T@2500,1500,0.818889229847,0.224459546238,0.535848138896,0.796031632306,0.672784883231,0.2875,0.666307289844,-7.4593802272,0.109496330527,0.0545,0.134780060884,0.08,0.03,5000,2500
eta=0.08->0.03@5000_T@2500,2000,0.913277033278,0.0950455474139,0.2421861752,0.893280460049,0.867317033741,0.675,0.453563425709,-9.47539193457,0.0163846213881,0.048,0.0337700152209,0.08,0.03,5000,2500
eta=0.08->0.03@5000_T@2500,2500,0.973548851343,0.0271767260913,0.0658621700665,0.925959518015,0.94550763227,0.925,0.207557982227,-10.316352649,0.0108472045871,0.0425,0.0001,0.08,0.03,5000,2500
eta=0.08->0.03@5000_T@2500,3000,0.978674553212,0.0218017183519,0.0566348197622,0.927150013319,0.955090496245,0.95,0.0556669997709,-10.4004958745,0.00706372438652,0.038,0.0001,0.08,0.03,5000,2500
eta=0.08->0.03@5000_T@2500,3500,0.982346364031,0.0179818671666,0.0475064743865,0.928840483554,0.961521058961,0.9625,0.0461436306716,-10.4732141551,0.00547398509604,0.0345,0.0001,0.08,0.03,5000,2500
eta=0.08->0.03@5000_T@2500,4000,0.979462026425,0.0209716337612,0.0530475291041,0.925738482205,0.961970575552,0.9625,0.0331869511481,-10.4111736337,0.008925413125,0.032,0.0001,0.08,0.03,5000,2500
eta=0.08->0.03@5000_T@2500,4500,0.982243365117,0.0180943704146,0.05072130799,0.928266588595,0.967238023429,0.975,0.02924476661,-10.4536951549,0.00521635329374,0.0305,0.0001,0.08,0.03,5000,2500
eta=0.08->0.03@5000_T@2500,5000,0.984487115427,0.0157576335202,0.0324666497463,0.928600637656,0.970938407442,0.975,0.0227567111199,-10.4908262184,0.00471960089018,0.03,0.0001,0.08,0.03,5000,2500
eta=0.08->0.01@1000_T=floor,0,0.675169293678,0.48173316906,1,0.517553501781,0,0,0,-0.0806554741009,0,0.08,0.0001,0.08,0.01,1000,0
eta=0.08->0.01@1000_T=floor,500,0.959315056107,0.0428573436968,0.136942888325,0.879034795818,0.916806714522,0.8625,0.93721362244,-10.4028001731,0.304679349202,0.0275,0.0001,0.08,0.01,1000,0
eta=0.08->0.01@1000_T=floor,1000,0.971932584897,0.0293287824331,0.107568074506,0.904115098932,0.950699092925,0.9,0.127232102136,-10.7606323255,0.250933917788,0.01,0.0001,0.08,0.01,1000,0
eta=0.08->0.01@1000_T=floor,1500,0.978341634383,0.0225583087235,0.0833545288185,0.913093548213,0.961972070965,0.925,0.0491220128406,-10.8108838664,0.250047315269,0.01,0.0001,0.08,0.01,1000,0
eta=0.08->0.01@1000_T=floor,2000,0.986070359814,0.0142021358059,0.0542163187822,0.919877980958,0.968381446819,0.9375,0.0380036193344,-10.8406067846,0.249853255075,0.01,0.0001,0.08,0.01,1000,0
eta=0.08->0.01@1000_T=floor,2500,0.990611411908,0.00949078229096,0.0306106431009,0.9218004187,0.970910771148,0.9625,0.0252898252944,-10.8498193399,0.252616869455,0.01,0.0001,0.08,0.01,1000,0
eta=0.08->0.01@1000_T=floor,3000,0.992093228635,0.00797800596139,0.0261945584079,0.922228363817,0.970203281182,0.9625,0.0120538482701,-10.8461249431,0.250671189007,0.01,0.0001,0.08,0.01,1000,0
eta=0.08->0.01@1000_T=floor,3500,0.991971656521,0.00809725821651,0.0262896365348,0.923344866185,0.969066421288,0.9625,0.0102929368649,-10.8512786106,0.25072382779,0.01,0.0001,0.08,0.01,1000,0
eta=0.08->0.01@1000_T=floor,4000,0.991954788291,0.00811548728953,0.026520681459,0.923764607522,0.96734411892,0.9625,0.00851372405807,-10.8537813114,0.250994313852,0.01,0.0001,0.08,0.01,1000,0
eta=0.08->0.01@1000_T=floor,4500,0.992388209072,0.00767607559491,0.0254823972699,0.925105739298,0.966128300555,0.9625,0.0105294958821,-10.8667067879,0.250184188507,0.01,0.0001,0.08,0.01,1000,0
eta=0.08->0.01@1000_T=floor,5000,0.992160011746,0.00790605304094,0.024867112061,0.925559709178,0.965876519603,0.9625,0.010215580358,-10.8644253197,0.250351559704,0.01,0.0001,0.08,0.01,1000,0
eta=0.08->0.01@1000_T@1000,0,0.675169293678,0.48173316906,1,0.517553501781,0,0,0,-0.0806554741009,0,0.08,0.841850380522,0.08,0.01,1000,1000
eta=0.08->0.01@1000_T@1000,500,0.781779128446,0.280108561328,0.598596823576,0.713592263927,0.623389199916,0.175,0.679678418104,-6.46583520531,0.449640854341,0.0275,0.21053759513,0.08,0.01,1000,1000
eta=0.08->0.01@1000_T@1000,1000,0.956704552915,0.0461175302915,0.168887965259,0.891350286541,0.910776690803,0.8625,0.513263726039,-10.3208609508,0.747430797352,0.01,0.0001,0.08,0.01,1000,1000
eta=0.08->0.01@1000_T@1000,1500,0.968346243223,0.0335887210135,0.118850430556,0.903049995885,0.910693130307,0.875,0.074706980458,-10.4417601401,0.747576025033,0.01,0.0001,0.08,0.01,1000,1000
eta=0.08->0.01@1000_T@1000,2000,0.969338072389,0.0323738195629,0.118958226874,0.910355111176,0.918602039052,0.8875,0.0669833595017,-10.509915501,0.746458796589,0.01,0.0001,0.08,0.01,1000,1000
eta=0.08->0.01@1000_T@1000,2500,0.979842182564,0.0206686400568,0.0767697751832,0.91746056765,0.929621938632,0.9,0.0610622307543,-10.5749882377,0.74668808878,0.01,0.0001,0.08,0.01,1000,1000
eta=0.08->0.01@1000_T@1000,3000,0.986617056043,0.0136414277229,0.0432076938123,0.916431562609,0.932514180866,0.9125,0.028520537894,-10.5950665626,0.747044892356,0.01,0.0001,0.08,0.01,1000,1000
eta=0.08->0.01@1000_T@1000,3500,0.986857633785,0.0133906729381,0.0429028093339,0.914976795915,0.934292662338,0.9125,0.0253534821016,-10.6085044228,0.745903154279,0.01,0.0001,0.08,0.01,1000,1000
eta=0.08->0.01@1000_T@1000,4000,0.986071931942,0.0141951113397,0.0446252261575,0.913193539836,0.939220877946,0.9125,0.0213010840299,-10.601738514,0.745427717412,0.01,0.0001,0.08,0.01,1000,1000
eta=0.08->0.01@1000_T@1000,4500,0.986826906173,0.013421323303,0.0438789107192,0.912314083915,0.947227612158,0.9125,0.024509870315,-10.62818692,0.748147883611,0.01,0.0001,0.08,0.01,1000,1000
eta=0.08->0.01@1000_T@1000,5000,0.987998895068,0.0121785990313,0.0442242928009,0.91011039615,0.952665111951,0.925,0.0246010869988,-10.6219277171,0.746267205263,0.01,0.0001,0.08,0.01,1000,1000
eta=0.08->0.01@1000_T@2500,0,0.675169293678,0.48173316906,1,0.517553501781,0,0,0,-0.0806554741009,0,0.08,0.841850380522,0.08,0.01,1000,2500
eta=0.08->0.01@1000_T@2500,500,0.734691677222,0.362087816281,0.838177164257,0.628943729107,0.529568704853,0.0875,0.586926320362,-3.54311421896,0.314170013326,0.0275,0.538820243534,0.08,0.01,1000,2500
eta=0.08->0.01@1000_T@2500,1000,0.759336730118,0.319083039083,0.652914103902,0.668848770427,0.566369282868,0.15,0.591451696168,-5.53911321944,0.534308474366,0.01,0.303130136988,0.08,0.01,1000,2500
eta=0.08->0.01@1000_T@2500,1500,0.800408176259,0.250588494097,0.534614058773,0.769290218525,0.669888296034,0.2375,0.510394924758,-7.3215011277,0.550511247014,0.01,0.134780060884,0.08,0.01,1000,2500
eta=0.08->0.01@1000_T@2500,2000,0.877171647419,0.140601182736,0.427929446134,0.829589526668,0.818393736446,0.7,0.36443659125,-9.25042638878,0.703286671747,0.01,0.0337700152209,0.08,0.01,1000,2500
eta=0.08->0.01@1000_T@2500,2500,0.946027954802,0.0572901652496,0.205978015002,0.874719631793,0.931300391201,0.8375,0.225494670184,-10.2984945114,0.745773639748,0.01,0.0001,0.08,0.01,1000,2500
eta=0.08->0.01@1000_T@2500,3000,0.978131616483,0.0225026384123,0.0913762066598,0.885249604058,0.951954249633,0.9125,0.0834255028754,-10.4448545261,0.747037052871,0.01,0.0001,0.08,0.01,1000,2500
eta=0.08->0.01@1000_T@2500,3500,0.979871753898,0.0207084239604,0.0841821975013,0.890016704846,0.956426353725,0.9375,0.0451323571742,-10.4650316802,0.745593835678,0.01,0.0001,0.08,0.01,1000,2500
eta=0.08->0.01@1000_T@2500,4000,0.985236076485,0.0151108536248,0.0580767862709,0.893986256939,0.96322322987,0.95,0.0367862419746,-10.4846336132,0.746249623678,0.01,0.0001,0.08,0.01,1000,2500
eta=0.08->0.01@1000_T@2500,4500,0.98654172714,0.0137814439685,0.0531862500986,0.896461078972,0.967770513858,0.95,0.0264946991517,-10.5109670381,0.747321532002,0.01,0.0001,0.08,0.01,1000,2500
eta=0.08->0.01@1000_T@2500,5000,0.98804637663,0.0121742269727,0.0427947342717,0.897325318717,0.97111732438,0.95,0.0229712199729,-10.5140226094,0.746929021974,0.01,0.0001,0.08,0.01,1000,2500
eta=0.08->0.01@2500_T=floor,0,0.675169293678,0.48173316906,1,0.517553501781,0,0,0,-0.0806554741009,0,0.08,0.0001,0.08,0.01,2500,0
eta=0.08->0.01@2500_T=floor,500,0.961990159901,0.0396609951924,0.11339562331,0.893231791825,0.938433342043,0.9,0.947842798249,-10.3955391098,0.250869400926,0.0548,0.0001,0.08,0.01,2500,0
eta=0.08->0.01@2500_T=floor,1000,0.979827338271,0.0205943988522,0.0566744565862,0.914014723849,0.962412750398,0.9625,0.109209295131,-10.6151658892,0.252940265448,0.0352,0.0001,0.08,0.01,2500,0
eta=0.08->0.01@2500_T=floor,1500,0.986268519113,0.0139278025727,0.0347846818902,0.920003803693,0.962881054608,0.9625,0.0299425011304,-10.7453998163,0.250456316364,0.0212,0.0001,0.08,0.01,2500,0
eta=0.08->0.01@2500_T=floor,2000,0.990894556975,0.00919506493137,0.0287204405934,0.924288528718,0.964624055561,0.9625,0.0209331381082,-10.830356981,0.249765598779,0.0128,0.0001,0.08,0.01,2500,0
eta=0.08->0.01@2500_T=floor,2500,0.991842657521,0.00822916468876,0.0267232890089,0.926076863651,0.968475436587,0.9625,0.0126742348273,-10.8593481987,0.252333243866,0.01,0.0001,0.08,0.01,2500,0
eta=0.08->0.01@2500_T=floor,3000,0.99212682166,0.00794378993802,0.0259504263485,0.926633027177,0.969906043906,0.9625,0.00960090133921,-10.8534303518,0.250471151852,0.01,0.0001,0.08,0.01,2500,0
eta=0.08->0.01@2500_T=floor,3500,0.992004479018,0.00806383156432,0.0258911951486,0.927946524603,0.972202036423,0.9625,0.0101670900126,-10.8576039292,0.250670649692,0.01,0.0001,0.08,0.01,2500,0
eta=0.08->0.01@2500_T=floor,4000,0.992060434042,0.00800759446343,0.0259917059241,0.928555978534,0.973340548722,0.9625,0.0084286820405,-10.8612742316,0.250670159741,0.01,0.0001,0.08,0.01,2500,0
eta=0.08->0.01@2500_T=floor,4500,0.992424819076,0.00763864880402,0.0251272528527,0.930016503647,0.975690542576,0.9625,0.0104229895692,-10.8732785282,0.249855860704,0.01,0.0001,0.08,0.01,2500,0
eta=0.08->0.01@2500_T=floor,5000,0.992191427605,0.0078740288866,0.0247923188221,0.930782845404,0.977274173791,0.9625,0.0101037778013,-10.8730118748,0.250359307073,0.01,0.0001,0.08,0.01,2500,0
eta=0.08->0.01@2500_T@1000,0,0.675169293678,0.48173316906,1,0.517553501781,0,0,0,-0.0806554741009,0,0.08,0.841850380522,0.08,0.01,2500,1000
eta=0.08->0.01@2500_T@1000,500,0.783774861162,0.276081358368,0.651647264691,0.712790336614,0.613294204365,0.1875,0.683686523117,-6.25463881343,0.513837094666,0.0548,0.21053759513,0.08,0.01,2500,1000
eta=0.08->0.01@2500_T@1000,1000,0.953577340967,0.0491495269966,0.158043192164,0.906993536795,0.921435812434,0.875,0.63182188379,-10.1828789827,0.739844967314,0.0352,0.0001,0.08,0.01,2500,1000
eta=0.08->0.01@2500_T@1000,1500,0.982303592858,0.0180315867157,0.0604212080526,0.915835164746,0.960521055759,0.95,0.166235964771,-10.5309710284,0.746542748346,0.0212,0.0001,0.08,0.01,2500,1000
eta=0.08->0.01@2500_T@1000,2000,0.987758694381,0.012413902035,0.0438519831186,0.917380539288,0.962140094385,0.95,0.0376168324274,-10.5885216642,0.745419208973,0.0128,0.0001,0.08,0.01,2500,1000
eta=0.08->0.01@2500_T@1000,2500,0.988680072229,0.0114759156591,0.0423922177505,0.91811031944,0.966723547042,0.95,0.023043266007,-10.6191991215,0.746583438128,0.01,0.0001,0.08,0.01,2500,1000
eta=0.08->0.01@2500_T@1000,3000,0.988660094685,0.0114980045771,0.042842922327,0.918609919821,0.969066665272,0.95,0.0163165473463,-10.6292624882,0.747437142153,0.01,0.0001,0.08,0.01,2500,1000
eta=0.08->0.01@2500_T@1000,3500,0.989152853004,0.0109893306355,0.0413185733534,0.91901912193,0.97177759306,0.95,0.0202713108691,-10.6378879671,0.746350311037,0.01,0.0001,0.08,0.01,2500,1000
eta=0.08->0.01@2500_T@1000,4000,0.988352708904,0.0118085698534,0.0438287913979,0.918795156595,0.973214151124,0.95,0.01773994981,-10.6304403627,0.745845885155,0.01,0.0001,0.08,0.01,2500,1000
eta=0.08->0.01@2500_T@1000,4500,0.989020226195,0.0111243949029,0.0429585707608,0.919424693162,0.976889386345,0.9625,0.018168316955,-10.648019418,0.747997961166,0.01,0.0001,0.08,0.01,2500,1000
eta=0.08->0.01@2500_T@1000,5000,0.993096948439,0.00695306397451,0.0196070041129,0.919200132397,0.980279905972,0.975,0.0180420853542,-10.6428107227,0.746000480957,0.01,0.0001,0.08,0.01,2500,1000
eta=0.08->0.01@2500_T@2500,0,0.675169293678,0.48173316906,1,0.517553501781,0,0,0,-0.0806554741009,0,0.08,0.841850380522,0.08,0.01,2500,2500
eta=0.08->0.01@2500_T@2500,500,0.728730217244,0.373113333651,0.865080807142,0.61869584978,0.528050270757,0.1375,0.597155570424,-3.37352012684,0.239123549808,0.0548,0.538820243534,0.08,0.01,2500,2500
eta=0.08->0.01@2500_T@2500,1000,0.765640962223,0.308362185789,0.62764139528,0.68319770291,0.597160687188,0.15,0.733074478549,-5.48188820046,0.373649648304,0.0352,0.303130136988,0.08,0.01,2500,2500
eta=0.08->0.01@2500_T@2500,1500,0.790921182365,0.265870605078,0.581638159414,0.757031642184,0.656578434998,0.275,0.609159614781,-6.93332702702,0.326983460914,0.0212,0.134780060884,0.08,0.01,2500,2500
eta=0.08->0.01@2500_T@2500,2000,0.89904767584,0.113169979724,0.35895532763,0.852857601301,0.854738329257,0.75,0.438295034667,-9.51144175345,0.467640711042,0.0128,0.0337700152209,0.08,0.01,2500,2500
eta=0.08->0.01@2500_T@2500,2500,0.958210032323,0.0438300413649,0.171294553272,0.892850412996,0.941214152447,0.8625,0.207064162459,-10.4241220602,0.499337554253,0.01,0.0001,0.08,0.01,2500,2500
eta=0.08->0.01@2500_T@2500,3000,0.9820902453,0.0184784525084,0.0616975924001,0.895993512064,0.951399765529,0.9125,0.0612350738178,-10.5123038469,0.498862034533,0.01,0.0001,0.08,0.01,2500,2500
eta=0.08->0.01@2500_T@2500,3500,0.984435079549,0.0159329638074,0.0618940175599,0.898608352236,0.95360083315,0.925,0.0347629688632,-10.5292968449,0.499607892855,0.01,0.0001,0.08,0.01,2500,2500
eta=0.08->0.01@2500_T@2500,4000,0.984109949153,0.0162566951962,0.0633448470126,0.900637700473,0.957502672194,0.925,0.0259613450883,-10.5371944669,0.498727890643,0.01,0.0001,0.08,0.01,2500,2500
eta=0.08->0.01@2500_T@2500,4500,0.984815935447,0.0155392108777,0.0620077077793,0.904223678282,0.962398286719,0.9375,0.0297901039302,-10.5709781294,0.49866918311,0.01,0.0001,0.08,0.01,2500,2500
eta=0.08->0.01@2500_T@2500,5000,0.98806473127,0.0121359599732,0.0419741903904,0.905859857622,0.963816544251,0.9375,0.0252041943791,-10.5696870968,0.498403237247,0.01,0.0001,0.08,0.01,2500,2500
eta=0.08->0.01@5000_T=floor,0,0.675169293678,0.48173316906,1,0.517553501781,0,0,0,-0.0806554741009,0,0.08,0.0001,0.08,0.01,5000,0
eta=0.08->0.01@5000_T=floor,500,0.958236553085,0.0436954288869,0.122858237022,0.894244138387,0.939884354163,0.9,0.946781756648,-10.2984340344,0.251531765182,0.0667,0.0001,0.08,0.01,5000,0
eta=0.08->0.01@5000_T=floor,1000,0.970445729512,0.0304709655874,0.0861663298853,0.909242633119,0.953292099468,0.95,0.0966741472718,-10.4533088116,0.25371846622,0.0548,0.0001,0.08,0.01,5000,0
eta=0.08->0.01@5000_T=floor,1500,0.974951528572,0.0257115377214,0.0601090696187,0.915282967633,0.954054778153,0.9625,0.0463457909463,-10.5448842779,0.250928950749,0.0443,0.0001,0.08,0.01,5000,0
eta=0.08->0.01@5000_T=floor,2000,0.979751738187,0.0206912260402,0.0512739470897,0.921846947378,0.96427420045,0.9625,0.0422700783112,-10.6291210294,0.24925698162,0.0352,0.0001,0.08,0.01,5000,0
eta=0.08->0.01@5000_T=floor,2500,0.983373375316,0.0169133207816,0.0386014414543,0.926582268611,0.973589097497,0.9625,0.0315403043384,-10.7034655115,0.255703924507,0.0275,0.0001,0.08,0.01,5000,0
eta=0.08->0.01@5000_T=floor,3000,0.986588051027,0.0135991228329,0.0351123441402,0.930236123375,0.979894869679,0.9625,0.0220240403287,-10.7498749908,0.251662021145,0.0212,0.0001,0.08,0.01,5000,0
eta=0.08->0.01@5000_T=floor,3500,0.989547307144,0.0105667617708,0.0282017259043,0.93467982579,0.9858363477,0.975,0.0181175445247,-10.8097740318,0.251309035329,0.0163,0.0001,0.08,0.01,5000,0
eta=0.08->0.01@5000_T=floor,4000,0.99195141662,0.0081158576451,0.0221843193825,0.936351596361,0.988129098523,0.975,0.0103476960158,-10.8467745493,0.251205315058,0.0128,0.0001,0.08,0.01,5000,0
eta=0.08->0.01@5000_T=floor,4500,0.993087423176,0.00696384501088,0.0211755676136,0.93776807233,0.990370770677,0.975,0.00772275325815,-10.8751683404,0.249635792956,0.0107,0.0001,0.08,0.01,5000,0
eta=0.08->0.01@5000_T=floor,5000,0.993499902543,0.0065442523678,0.0174522944894,0.938435348305,0.99138360997,0.9875,0.00838219277468,-10.8837670562,0.25033431843,0.01,0.0001,0.08,0.01,5000,0
eta=0.08->0.01@5000_T@1000,0,0.675169293678,0.48173316906,1,0.517553501781,0,0,0,-0.0806554741009,0,0.08,0.841850380522,0.08,0.01,5000,1000
eta=0.08->0.01@5000_T@1000,500,0.780643686444,0.28153171071,0.67472192904,0.714090938751,0.613517813264,0.25,0.681506561295,-6.18254501961,0.534095085322,0.0667,0.21053759513,0.08,0.01,5000,1000
eta=0.08->0.01@5000_T@1000,1000,0.968578337754,0.0324694178105,0.0796015554688,0.933431686502,0.948303398394,0.9,0.735079124042,-10.0842536047,0.488735185328,0.0548,0.0001,0.08,0.01,5000,1000
eta=0.08->0.01@5000_T@1000,1500,0.97378370896,0.0269238336783,0.0716754247379,0.936314335047,0.955041000949,0.95,0.114145644122,-10.2211987286,0.496282950745,0.0443,0.0001,0.08,0.01,5000,1000
eta=0.08->0.01@5000_T@1000,2000,0.979252357694,0.0212012519334,0.0571334815381,0.938942864761,0.975084836339,0.9625,0.0791661663211,-10.3009674453,0.49325995297,0.0352,0.0001,0.08,0.01,5000,1000
eta=0.08->0.01@5000_T@1000,2500,0.984196412254,0.0160601783834,0.0450595428533,0.941363350692,0.983111116482,0.9875,0.0265549800165,-10.3798923708,0.495862919828,0.0275,0.0001,0.08,0.01,5000,1000
eta=0.08->0.01@5000_T@1000,3000,0.986908239543,0.0132688266751,0.036942616936,0.942573055807,0.986774889837,0.9875,0.0151122324754,-10.4193699963,0.498429619738,0.0212,0.0001,0.08,0.01,5000,1000
eta=0.08->0.01@5000_T@1000,3500,0.990381289904,0.00971617649774,0.0257052331159,0.944204487659,0.990873189795,0.9875,0.0137072200816,-10.4738021498,0.495478785721,0.0163,0.0001,0.08,0.01,5000,1000
eta=0.08->0.01@5000_T@1000,4000,0.991286011869,0.00879506316369,0.0229886252781,0.9446540695,0.992542678272,1,0.0112448447721,-10.4929466299,0.497344163492,0.0128,0.0001,0.08,0.01,5000,1000
eta=0.08->0.01@5000_T@1000,4500,0.993609019716,0.00643337336321,0.0193110376624,0.945385466457,0.994573008523,1,0.00598222698438,-10.5234723952,0.499994329086,0.0107,0.0001,0.08,0.01,5000,1000
eta=0.08->0.01@5000_T@1000,5000,0.994048104739,0.00598779451869,0.0141257415114,0.945715215715,0.994920661392,1,0.00626645433129,-10.5313213348,0.49773314041,0.01,0.0001,0.08,0.01,5000,1000
eta=0.08->0.01@5000_T@2500,0,0.675169293678,0.48173316906,1,0.517553501781,0,0,0,-0.0806554741009,0,0.08,0.841850380522,0.08,0.01,5000,2500
eta=0.08->0.01@5000_T@2500,500,0.728328621984,0.373721480856,0.857133664041,0.615509019172,0.514274428402,0.15,0.591893857202,-3.48068171736,0.267121573205,0.0667,0.538820243534,0.08,0.01,5000,2500
eta=0.08->0.01@5000_T@2500,1000,0.771110474541,0.299666056155,0.662448219329,0.66948640611,0.581393325103,0.125,0.72383616763,-5.20455370491,0.245958245814,0.0548,0.303130136988,0.08,0.01,5000,2500
eta=0.08->0.01@5000_T@2500,1500,0.820224377369,0.222669774762,0.534655439256,0.78313893089,0.6671265276,0.25,0.661541192325,-7.35285943118,0.197135552833,0.0443,0.134780060884,0.08,0.01,5000,2500
eta=0.08->0.01@5000_T@2500,2000,0.916629139384,0.0911309574664,0.236122757659,0.892524542002,0.873722506772,0.7,0.482017398652,-9.57673142175,0.0163715683143,0.0352,0.0337700152209,0.08,0.01,5000,2500
eta=0.08->0.01@5000_T@2500,2500,0.9792754295,0.0211814227482,0.0530549404475,0.931912111529,0.949168408773,0.925,0.225721840909,-10.4517797394,0.0089776684198,0.0275,0.0001,0.08,0.01,5000,2500
eta=0.08->0.01@5000_T@2500,3000,0.986903857289,0.0132814028394,0.0356673507401,0.933668512134,0.959576952323,0.95,0.0413024237825,-10.5430639323,0.0027598151688,0.0212,0.0001,0.08,0.01,5000,2500
eta=0.08->0.01@5000_T@2500,3500,0.989226989512,0.0109003507933,0.0302242408775,0.935092550487,0.964685058548,0.95,0.0272029202175,-10.5988139441,0.00307827116734,0.0163,0.0001,0.08,0.01,5000,2500
eta=0.08->0.01@5000_T@2500,4000,0.989351669526,0.0107687079122,0.032573938759,0.934779094173,0.966213513815,0.95,0.0187395714824,-10.6033849286,0.00231460649909,0.0128,0.0001,0.08,0.01,5000,2500
eta=0.08->0.01@5000_T@2500,4500,0.990948022761,0.00914515515556,0.0290969552262,0.936387618071,0.968430133455,0.95,0.0131031226267,-10.6401743788,0.00126379545642,0.0107,0.0001,0.08,0.01,5000,2500
eta=0.08->0.01@5000_T@2500,5000,0.991385951191,0.00869418744187,0.024655712697,0.936238596866,0.968782850876,0.9625,0.0131012135169,-10.6467631845,0.00124465394844,0.01,0.0001,0.08,0.01,5000,2500
eta=0.12->0.01@1000_T=floor,0,0.675169293678,0.48173316906,1,0.517553501781,0,0,0,-0.0806554741009,0,0.12,0.0001,0.12,0.01,1000,0
eta=0.12->0.01@1000_T=floor,500,0.975619624456,0.024990253572,0.0678616930785,0.909201096415,0.964219123413,0.95,0.967779449322,-10.5381057534,0.250396914523,0.0375,0.0001,0.12,0.01,1000,0
eta=0.12->0.01@1000_T=floor,1000,0.99103268118,0.00906020035642,0.0293922827405,0.920857467746,0.976327821955,0.95,0.0330366595728,-10.849364966,0.250643998501,0.01,0.0001,0.12,0.01,1000,0
eta=0.12->0.01@1000_T=floor,1500,0.991063990972,0.00903126656988,0.0281324730779,0.921405260686,0.975323569526,0.9625,0.0138042714436,-10.8522414691,0.250334061567,0.01,0.0001,0.12,0.01,1000,0
eta=0.12->0.01@1000_T=floor,2000,0.992077563734,0.00799180892383,0.026826539408,0.922203115476,0.973838759431,0.9625,0.0132489638476,-10.8524030712,0.249928382743,0.01,0.0001,0.12,0.01,1000,0
eta=0.12->0.01@1000_T=floor,2500,0.991787058777,0.008285879389,0.0271092714779,0.922921208428,0.972281513891,0.9625,0.0115805986701,-10.8540457223,0.252612809704,0.01,0.0001,0.12,0.01,1000,0
eta=0.12->0.01@1000_T=floor,3000,0.992102808281,0.00796821630997,0.0260714638539,0.923394915797,0.970354709413,0.9625,0.00966708135368,-10.8482499183,0.2505509676,0.01,0.0001,0.12,0.01,1000,0
eta=0.12->0.01@1000_T=floor,3500,0.991978828361,0.00808993222422,0.0261596977977,0.924647271074,0.96921676737,0.9625,0.0102306769054,-10.853326476,0.250655112207,0.01,0.0001,0.12,0.01,1000,0
eta=0.12->0.01@1000_T=floor,4000,0.992026676854,0.0080420350646,0.0262175315003,0.925159567273,0.968441565221,0.9625,0.00846895914903,-10.8564419267,0.250868684375,0.01,0.0001,0.12,0.01,1000,0
eta=0.12->0.01@1000_T=floor,4500,0.992424791074,0.00763873052187,0.0252607058688,0.926571651026,0.970824681015,0.9625,0.0104728421627,-10.8688868278,0.250049804954,0.01,0.0001,0.12,0.01,1000,0
eta=0.12->0.01@1000_T=floor,5000,0.992171911709,0.00789392561654,0.024870309791,0.927193404738,0.972391650978,0.9625,0.010153717877,-10.8676414073,0.250522839923,0.01,0.0001,0.12,0.01,1000,0
eta=0.12->0.01@1000_T@1000,0,0.675169293678,0.48173316906,1,0.517553501781,0,0,0,-0.0806554741009,0,0.12,0.841850380522,0.12,0.01,1000,1000
eta=0.12->0.01@1000_T@1000,500,0.785334028272,0.273626559849,0.607923529351,0.711949526681,0.62129578849,0.1875,0.684038108888,-6.43265468023,0.48327819091,0.0375,0.21053759513,0.12,0.01,1000,1000
eta=0.12->0.01@1000_T@1000,1000,0.952730123024,0.0503361078775,0.186372307858,0.89598586665,0.912789818728,0.85,0.545099181984,-10.3421985163,0.746750965362,0.01,0.0001,0.12,0.01,1000,1000
eta=0.12->0.01@1000_T@1000,1500,0.969651998101,0.0320624317049,0.118802660675,0.911467619358,0.918083207223,0.8875,0.0825790644952,-10.4872594498,0.747818955019,0.01,0.0001,0.12,0.01,1000,1000
eta=0.12->0.01@1000_T@1000,2000,0.978297787226,0.022322186891,0.0817224309652,0.918532284177,0.927652333722,0.9,0.0646797130236,-10.5458512109,0.74681289311,0.01,0.0001,0.12,0.01,1000,1000
eta=0.12->0.01@1000_T@1000,2500,0.978587701971,0.0220107947842,0.0826436174975,0.917631025203,0.93206888042,0.9,0.0425363551751,-10.5684783656,0.746540494852,0.01,0.0001,0.12,0.01,1000,1000
eta=0.12->0.01@1000_T@1000,3000,0.980324778938,0.0201636157543,0.0752808907391,0.916602692826,0.936562778192,0.9125,0.0357457024995,-10.5940156995,0.74709891214,0.01,0.0001,0.12,0.01,1000,1000
eta=0.12->0.01@1000_T@1000,3500,0.987170114076,0.0130615196619,0.0428198080821,0.915294140966,0.941153861982,0.925,0.0321725351718,-10.613961916,0.746151533837,0.01,0.0001,0.12,0.01,1000,1000
eta=0.12->0.01@1000_T@1000,4000,0.986382928083,0.0138675641054,0.0446106268665,0.913447491027,0.944853628709,0.925,0.020951754922,-10.6070738562,0.745620044492,0.01,0.0001,0.12,0.01,1000,1000
eta=0.12->0.01@1000_T@1000,4500,0.987157356053,0.0130722822128,0.043624065225,0.912385779518,0.951582959295,0.9375,0.0228262256337,-10.6315586308,0.748260219618,0.01,0.0001,0.12,0.01,1000,1000
eta=0.12->0.01@1000_T@1000,5000,0.988390858522,0.0117703051123,0.0442135618279,0.910848921661,0.956937607722,0.9375,0.0220193455711,-10.6237357257,0.746228302367,0.01,0.0001,0.12,0.01,1000,1000
eta=0.12->0.01@1000_T@2500,0,0.675169293678,0.48173316906,1,0.517553501781,0,0,0,-0.0806554741009,0,0.12,0.841850380522,0.12,0.01,1000,2500
eta=0.12->0.01@1000_T@2500,500,0.734055005756,0.363445176838,0.855835850607,0.622268141277,0.527097228169,0.0875,0.594124632433,-3.53804456472,0.316042979338,0.0375,0.538820243534,0.12,0.01,1000,2500
eta=0.12->0.01@1000_T@2500,1000,0.759657928517,0.318227303855,0.645788725682,0.666904001637,0.5683721577,0.15,0.600264959398,-5.53782183326,0.535697617561,0.01,0.303130136988,0.12,0.01,1000,2500
eta=0.12->0.01@1000_T@2500,1500,0.79986386101,0.251488574281,0.545124552802,0.768113166629,0.664881712103,0.2375,0.507667660329,-7.28663083044,0.551828412188,0.01,0.134780060884,0.12,0.01,1000,2500
eta=0.12->0.01@1000_T@2500,2000,0.877523251868,0.140183597522,0.419220500856,0.829522505799,0.81483561106,0.675,0.365566978944,-9.21752722056,0.702306036019,0.01,0.0337700152209,0.12,0.01,1000,2500
eta=0.12->0.01@1000_T@2500,2500,0.938306718527,0.0662292210397,0.24087741981,0.872847606426,0.920911916848,0.825,0.21451739035,-10.2319972153,0.745962839482,0.01,0.0001,0.12,0.01,1000,2500
eta=0.12->0.01@1000_T@2500,3000,0.971202707737,0.0301071723736,0.118172131876,0.88242642967,0.946632432062,0.925,0.100687062757,-10.4212404494,0.747082466,0.01,0.0001,0.12,0.01,1000,2500
eta=0.12->0.01@1000_T@2500,3500,0.979908414584,0.0206723064471,0.0842600410929,0.888186344126,0.953973127892,0.9375,0.0493488901466,-10.4580476862,0.745542203217,0.01,0.0001,0.12,0.01,1000,2500
eta=0.12->0.01@1000_T@2500,4000,0.980186934648,0.0203786274704,0.0832782484574,0.891989080554,0.960707376984,0.9375,0.0368345865835,-10.4780137322,0.746189568384,0.01,0.0001,0.12,0.01,1000,2500
eta=0.12->0.01@1000_T@2500,4500,0.986541175281,0.0137819973697,0.0531790696889,0.896479183903,0.967830936857,0.95,0.0377236184201,-10.5111690423,0.747354851614,0.01,0.0001,0.12,0.01,1000,2500
eta=0.12->0.01@1000_T@2500,5000,0.987941472464,0.0122853781531,0.0433191851782,0.897304900206,0.970813842647,0.95,0.0224737095737,-10.514272136,0.746945221311,0.01,0.0001,0.12,0.01,1000,2500
eta=0.12->0.01@2500_T=floor,0,0.675169293678,0.48173316906,1,0.517553501781,0,0,0,-0.0806554741009,0,0.12,0.0001,0.12,0.01,2500,0
eta=0.12->0.01@2500_T=floor,500,0.952305457805,0.0501051816933,0.144579775428,0.895470913972,0.947926332563,0.9,0.951828772431,-10.1065928349,0.254871026894,0.0804,0.0001,0.12,0.01,2500,0
eta=0.12->0.01@2500_T=floor,1000,0.974608927977,0.0260681041804,0.0711611942073,0.912586676558,0.957488522794,0.95,0.0622014824151,-10.5370724268,0.252199762562,0.0496,0.0001,0.12,0.01,2500,0
eta=0.12->0.01@2500_T=floor,1500,0.983313418657,0.0169766047786,0.0401691353036,0.920672658199,0.964362480524,0.9625,0.0387482481462,-10.6950905974,0.249685475557,0.0276,0.0001,0.12,0.01,2500,0
eta=0.12->0.01@2500_T=floor,2000,0.990104796334,0.0100004283428,0.0290954121478,0.926951704191,0.973778307313,0.9625,0.0251836565119,-10.816927509,0.249896502306,0.0144,0.0001,0.12,0.01,2500,0
eta=0.12->0.01@2500_T=floor,2500,0.991852383692,0.00821892650533,0.0264252319079,0.929463701499,0.97849752994,0.975,0.0134036722885,-10.8624760046,0.25238945527,0.01,0.0001,0.12,0.01,2500,0
eta=0.12->0.01@2500_T=floor,3000,0.992110546612,0.00796023111242,0.0258555328433,0.930163028525,0.979932719886,0.9625,0.00955139837959,-10.8573337568,0.250369817624,0.01,0.0001,0.12,0.01,2500,0
eta=0.12->0.01@2500_T=floor,3500,0.992031030334,0.0080367074067,0.0255541872081,0.931676105788,0.982194716428,0.975,0.0100794150126,-10.8611795443,0.250530112955,0.01,0.0001,0.12,0.01,2500,0
eta=0.12->0.01@2500_T=floor,4000,0.99209111044,0.00797621852002,0.0257598560238,0.932365236791,0.983314850157,0.9625,0.00838065206325,-10.8654232081,0.250629996026,0.01,0.0001,0.12,0.01,2500,0
eta=0.12->0.01@2500_T=floor,4500,0.99242922876,0.00763415586511,0.0249134343433,0.933942617491,0.985623343424,0.975,0.0103461560571,-10.876918326,0.249757796799,0.01,0.0001,0.12,0.01,2500,0
eta=0.12->0.01@2500_T=floor,5000,0.992281184152,0.00778241630795,0.0245292118996,0.935017402219,0.987268820777,0.975,0.0100139909874,-10.8791660977,0.250444395487,0.01,0.0001,0.12,0.01,2500,0
eta=0.12->0.01@2500_T@1000,0,0.675169293678,0.48173316906,1,0.517553501781,0,0,0,-0.0806554741009,0,0.12,0.841850380522,0.12,0.01,2500,1000
eta=0.12->0.01@2500_T@1000,500,0.780286291141,0.282820084076,0.693298534612,0.718106976382,0.631275940948,0.25,0.693620923128,-6.26225028129,0.485492361582,0.0804,0.21053759513,0.12,0.01,2500,1000
eta=0.12->0.01@2500_T@1000,1000,0.9623985803,0.0394193287782,0.118301057665,0.898816331694,0.929237558833,0.8875,0.674416373687,-10.0681881918,0.493095715944,0.0496,0.0001,0.12,0.01,2500,1000
eta=0.12->0.01@2500_T@1000,1500,0.984397146568,0.0158546749958,0.0376119139521,0.914215193122,0.960787483861,0.9375,0.0930345881031,-10.3417378941,0.499547174461,0.0276,0.0001,0.12,0.01,2500,1000
eta=0.12->0.01@2500_T@1000,2000,0.989119000504,0.0110014947743,0.0342351884343,0.917829212557,0.969244138115,0.95,0.0330498853462,-10.4264478781,0.49705979048,0.0144,0.0001,0.12,0.01,2500,1000
eta=0.12->0.01@2500_T@1000,2500,0.99152519527,0.00855099442613,0.0288733621182,0.920574380402,0.975021506839,0.9625,0.0192477281606,-10.4761331904,0.498696116795,0.01,0.0001,0.12,0.01,2500,1000
eta=0.12->0.01@2500_T@1000,3000,0.992977134341,0.00707526173379,0.0217665174146,0.921360089396,0.97658783363,0.9625,0.0100840216148,-10.477852917,0.498699865497,0.01,0.0001,0.12,0.01,2500,1000
eta=0.12->0.01@2500_T@1000,3500,0.993404437735,0.00664286403618,0.0188991887239,0.922068607504,0.977486065092,0.975,0.0070785909212,-10.4807955374,0.498622194927,0.01,0.0001,0.12,0.01,2500,1000
eta=0.12->0.01@2500_T@1000,4000,0.992872949629,0.00718195774905,0.0208034858139,0.921759948598,0.977923179498,0.9625,0.00795067414078,-10.4767725043,0.498970118362,0.01,0.0001,0.12,0.01,2500,1000
eta=0.12->0.01@2500_T@1000,4500,0.993176758148,0.00687186308408,0.0232695124429,0.922177418862,0.978722695949,0.9625,0.00527465516843,-10.4839299688,0.499439093431,0.01,0.0001,0.12,0.01,2500,1000
eta=0.12->0.01@2500_T@1000,5000,0.993169885438,0.00687983145969,0.0195496206087,0.92250552359,0.979458111747,0.975,0.00969811403644,-10.4836481604,0.498103386231,0.01,0.0001,0.12,0.01,2500,1000
eta=0.12->0.01@2500_T@2500,0,0.675169293678,0.48173316906,1,0.517553501781,0,0,0,-0.0806554741009,0,0.12,0.841850380522,0.12,0.01,2500,2500
eta=0.12->0.01@2500_T@2500,500,0.727807689327,0.374167821505,0.87722138358,0.618384733354,0.515206971516,0.1375,0.581516638202,-3.37146778524,0.314787456515,0.0804,0.538820243534,0.12,0.01,2500,2500
eta=0.12->0.01@2500_T@2500,1000,0.769730976335,0.301806071933,0.649463088809,0.67411021786,0.588949395597,0.1625,0.705146370414,-5.27610229757,0.263389638574,0.0496,0.303130136988,0.12,0.01,2500,2500
eta=0.12->0.01@2500_T@2500,1500,0.808154245645,0.23815236087,0.567268406982,0.759944411807,0.662891479715,0.2125,0.652448123738,-6.88026017696,0.248884793601,0.0276,0.134780060884,0.12,0.01,2500,2500
eta=0.12->0.01@2500_T@2500,2000,0.891650962865,0.122775572933,0.389502128775,0.824903912302,0.850166825859,0.75,0.478231506618,-9.16753338967,0.268759290462,0.0144,0.0337700152209,0.12,0.01,2500,2500
eta=0.12->0.01@2500_T@2500,2500,0.956467612542,0.0460397446918,0.164135260868,0.868524416731,0.927476194241,0.85,0.241001879779,-10.1722175269,0.249760779305,0.01,0.0001,0.12,0.01,2500,2500
eta=0.12->0.01@2500_T@2500,3000,0.965448153592,0.0361258769228,0.128848160635,0.876971701863,0.938878941416,0.8875,0.0873421681019,-10.2901901509,0.249859964119,0.01,0.0001,0.12,0.01,2500,2500
eta=0.12->0.01@2500_T@2500,3500,0.971312060289,0.0297900294757,0.123797720019,0.884564781809,0.951949595563,0.925,0.0698419383112,-10.3534025828,0.250869776923,0.01,0.0001,0.12,0.01,2500,2500
eta=0.12->0.01@2500_T@2500,4000,0.982302294289,0.0181585139462,0.0696725638743,0.890212929231,0.961022702644,0.9375,0.0501166104034,-10.3887995227,0.249763926431,0.01,0.0001,0.12,0.01,2500,2500
eta=0.12->0.01@2500_T@2500,4500,0.982923635713,0.0175302998044,0.070097069355,0.89330163267,0.96532214111,0.9375,0.0296355445226,-10.4280181549,0.24957469684,0.01,0.0001,0.12,0.01,2500,2500
eta=0.12->0.01@2500_T@2500,5000,0.989683760439,0.0104537538892,0.0335039864926,0.894255260513,0.967800944629,0.9625,0.0290627321319,-10.4263486315,0.250151740752,0.01,0.0001,0.12,0.01,2500,2500
eta=0.12->0.01@5000_T=floor,0,0.675169293678,0.48173316906,1,0.517553501781,0,0,0,-0.0806554741009,0,0.12,0.0001,0.12,0.01,5000,0
eta=0.12->0.01@5000_T=floor,500,0.94115188297,0.062565858405,0.179072714489,0.888155224444,0.940140053853,0.8375,0.944433211292,-9.89352002635,0.261923834607,0.0991,0.0001,0.12,0.01,5000,0
eta=0.12->0.01@5000_T=floor,1000,0.959531886112,0.0422153485129,0.117220309546,0.904567742239,0.944775148457,0.95,0.0709652994432,-10.2822993853,0.255044594268,0.0804,0.0001,0.12,0.01,5000,0
eta=0.12->0.01@5000_T=floor,1500,0.966449607318,0.0347626479757,0.0805535076848,0.913014057546,0.955418273977,0.95,0.0578927376952,-10.3921074643,0.254925313091,0.0639,0.0001,0.12,0.01,5000,0
eta=0.12->0.01@5000_T=floor,2000,0.973072152134,0.0277154805413,0.0647255960414,0.921931643609,0.968312467058,0.975,0.0499220257486,-10.5102103271,0.25026554683,0.0496,0.0001,0.12,0.01,5000,0
eta=0.12->0.01@5000_T=floor,2500,0.978900228431,0.0215709863948,0.0496906306596,0.928842331147,0.980331491505,0.9875,0.0390061745442,-10.6230756842,0.25521209605,0.0375,0.0001,0.12,0.01,5000,0
eta=0.12->0.01@5000_T=floor,3000,0.983611011398,0.0166660095849,0.043757297794,0.932568217753,0.986932997005,1,0.020630325755,-10.6925759263,0.252790705193,0.0276,0.0001,0.12,0.01,5000,0
eta=0.12->0.01@5000_T=floor,3500,0.988579511568,0.011557828874,0.0328338942118,0.936328195875,0.991916127427,1,0.0127228422718,-10.7803401858,0.252131591716,0.0199,0.0001,0.12,0.01,5000,0
eta=0.12->0.01@5000_T=floor,4000,0.991714790005,0.0083548129577,0.0212965705894,0.93775144394,0.993410774231,1,0.00873860465229,-10.83445457,0.251533957466,0.0144,0.0001,0.12,0.01,5000,0
eta=0.12->0.01@5000_T=floor,4500,0.993728127575,0.00631183200042,0.0187366969251,0.93913474586,0.995397957577,1,0.00575641554464,-10.8718700172,0.249689210075,0.0111,0.0001,0.12,0.01,5000,0
eta=0.12->0.01@5000_T=floor,5000,0.994683324219,0.00534585729398,0.0107043388415,0.939574836014,0.99553035552,1,0.00525021828216,-10.8847883709,0.250318738265,0.01,0.0001,0.12,0.01,5000,0
eta=0.12->0.01@5000_T@1000,0,0.675169293678,0.48173316906,1,0.517553501781,0,0,0,-0.0806554741009,0,0.12,0.841850380522,0.12,0.01,5000,1000
eta=0.12->0.01@5000_T@1000,500,0.773042285374,0.294748212575,0.746552191663,0.721807472345,0.617099530576,0.15,0.676196476939,-6.08909901174,0.597713774547,0.0991,0.21053759513,0.12,0.01,5000,1000
eta=0.12->0.01@5000_T@1000,1000,0.961237644518,0.0403901712638,0.0947371370876,0.919127707071,0.956189872051,0.95,0.666417037682,-10.1747980133,0.48388009834,0.0804,0.0001,0.12,0.01,5000,1000
eta=0.12->0.01@5000_T@1000,1500,0.966292555103,0.0348913487964,0.0799219059114,0.927134807989,0.970618479651,0.975,0.0633496902872,-10.3058236495,0.493511993902,0.0639,0.0001,0.12,0.01,5000,1000
eta=0.12->0.01@5000_T@1000,2000,0.975955855011,0.0247262703952,0.059585162044,0.931293652111,0.977817610155,0.9875,0.0270009094268,-10.417745749,0.48840372329,0.0496,0.0001,0.12,0.01,5000,1000
eta=0.12->0.01@5000_T@1000,2500,0.980031331679,0.0203834051797,0.056789909598,0.934830924777,0.983872586025,0.9875,0.0194474563378,-10.5210654783,0.493670275434,0.0375,0.0001,0.12,0.01,5000,1000
eta=0.12->0.01@5000_T@1000,3000,0.98315066742,0.0171385376354,0.0468451100683,0.935961879849,0.985618516857,0.9875,0.0119854559994,-10.5545057996,0.496306812963,0.0276,0.0001,0.12,0.01,5000,1000
eta=0.12->0.01@5000_T@1000,3500,0.988921428576,0.0112073378868,0.0317830202183,0.93973779406,0.990447513248,0.9875,0.0114593432059,-10.6593773535,0.498619103291,0.0199,0.0001,0.12,0.01,5000,1000
eta=0.12->0.01@5000_T@1000,4000,0.991317977358,0.00875931311819,0.0204759726907,0.940685247298,0.991252137476,0.9875,0.00795371633936,-10.6956393701,0.497935034103,0.0144,0.0001,0.12,0.01,5000,1000
eta=0.12->0.01@5000_T@1000,4500,0.993613060044,0.00642974878476,0.019732105137,0.942083210819,0.993609998472,0.9875,0.00562394316299,-10.7385806427,0.498718730904,0.0111,0.0001,0.12,0.01,5000,1000
eta=0.12->0.01@5000_T@1000,5000,0.994379434582,0.0056528728883,0.0125330211889,0.942733989426,0.994168993082,0.9875,0.00635804623686,-10.7533115701,0.498798212575,0.01,0.0001,0.12,0.01,5000,1000
eta=0.12->0.01@5000_T@2500,0,0.675169293678,0.48173316906,1,0.517553501781,0,0,0,-0.0806554741009,0,0.12,0.841850380522,0.12,0.01,5000,2500
eta=0.12->0.01@5000_T@2500,500,0.732832775334,0.36487264442,0.839208429046,0.615704541325,0.505076887685,0.1,0.57108430426,-3.42854677537,0.332194023632,0.0991,0.538820243534,0.12,0.01,5000,2500
eta=0.12->0.01@5000_T@2500,1000,0.765452582774,0.310399497036,0.757044836788,0.657476824491,0.587752526863,0.1875,0.69736761857,-5.1323330526,0.276443341547,0.0804,0.303130136988,0.12,0.01,5000,2500
eta=0.12->0.01@5000_T@2500,1500,0.805137100695,0.244643726524,0.540820534979,0.785568164898,0.658924513053,0.25,0.683806805425,-7.43211264924,0.0870734447019,0.0639,0.134780060884,0.12,0.01,5000,2500
eta=0.12->0.01@5000_T@2500,2000,0.909824901028,0.0991473075967,0.273787864613,0.89346287422,0.877599954959,0.7,0.42584017485,-9.55919277499,0.00830118966443,0.0496,0.0337700152209,0.12,0.01,5000,2500
eta=0.12->0.01@5000_T@2500,2500,0.977002689663,0.0235468610785,0.0552397236538,0.930371007736,0.953604622102,0.9375,0.193467864667,-10.4816921389,0.00843773669732,0.0375,0.0001,0.12,0.01,5000,2500
eta=0.12->0.01@5000_T@2500,3000,0.984116998827,0.0161493118026,0.0407094076995,0.932930338796,0.96572902924,0.9625,0.0449031103659,-10.5906064162,0.00569741157039,0.0276,0.0001,0.12,0.01,5000,2500
eta=0.12->0.01@5000_T@2500,3500,0.98815129383,0.0120020767218,0.0308610650351,0.936213081771,0.973729320123,0.975,0.0315203730823,-10.6779805383,0.00340512068145,0.0199,0.0001,0.12,0.01,5000,2500
eta=0.12->0.01@5000_T@2500,4000,0.989780197884,0.010325884346,0.031913035853,0.936254681505,0.976391742704,0.975,0.0148460962266,-10.6888070178,0.00314166748431,0.0144,0.0001,0.12,0.01,5000,2500
eta=0.12->0.01@5000_T@2500,4500,0.991909321448,0.00815851112304,0.0259697329099,0.938657706625,0.98005292308,0.975,0.010586488389,-10.7374952851,0.000762354775447,0.0111,0.0001,0.12,0.01,5000,2500
eta=0.12->0.01@5000_T@2500,5000,0.992395073876,0.00766502266761,0.023088328065,0.938897674645,0.981321875194,0.975,0.00844524306345,-10.7464678635,0.00168534931835,0.01,0.0001,0.12,0.01,5000,2500
